ID товара;Полное наименование;Рейтинг;Цель из Ф4;Необходимое кол-во отзывов с 5*;Количество;5*;4*;3*;2*;1*;Ссылка на товар (url)
159867070;Очиститель строительный Контакт 0,04 л;4.5;4;Все ОК;71;56;8;2;0;6;https://www.ozon.ru/product/ochistitel-kleya-kontakt-4-gr-159867070
163012510;Батарейка ФОТОН 6LR61 / Крона 9V;4.9;4;Все ОК;2278;2132;97;14;12;25;https://www.ozon.ru/product/batareyka-foton-6lr61-krona-9v-163012510
275728803;Батарейка ФОТОН 23А;4.9;4;Все ОК;2278;2132;97;14;12;25;https://www.ozon.ru/product/batareyka-foton-23a-275728803
275728896;Батарейка ФОТОН 27А;4.9;4;Все ОК;2278;2132;97;14;12;25;https://www.ozon.ru/product/batareyka-foton-27a-275728896
163087295;Батарейки ФОТОН С / LR14 2 шт;4.9;4;Все ОК;2278;2132;97;14;12;25;https://www.ozon.ru/product/batareyki-foton-c-lr14-2-sht-163087295
163087300;Батарейки ФОТОН D / LR20 2 шт;4.9;4;Все ОК;2278;2132;97;14;12;25;https://www.ozon.ru/product/batareyki-foton-d-lr20-2-sht-163087300
275733801;Батарейки ФОТОН LR41 10 шт.;4.9;4;Все ОК;2278;2132;97;14;12;25;https://www.ozon.ru/product/batareyki-foton-lr41-10-sht-275733801
275733667;Батарейки ФОТОН LR43 10 шт.;4.9;4;Все ОК;2278;2132;97;14;12;25;https://www.ozon.ru/product/batareyki-foton-lr43-10-sht-275733667
275759521;Батарейки ФОТОН LR44 10 шт.;4.9;4;Все ОК;2278;2132;97;14;12;25;https://www.ozon.ru/product/batareyki-foton-lr44-10-sht-275759521
275734473;Батарейки ФОТОН LR54 10 шт.;4.9;4;Все ОК;2278;2132;97;14;12;25;https://www.ozon.ru/product/batareyki-foton-lr54-10-sht-275734473
275757919;Батарейки ФОТОН АА / LR6 10 шт.;4.9;4;Все ОК;2278;2132;97;14;12;25;https://www.ozon.ru/product/batareyki-foton-aa-lr6-10-sht-275757919
155140867;Батарейки ФОТОН АА / LR6 12 шт;4.9;4;Все ОК;2278;2132;97;14;12;25;https://www.ozon.ru/product/batareyki-foton-aa-lr6-12-sht-155140867
163011963;Батарейки ФОТОН АА / LR6 24 шт;4.9;4;Все ОК;2278;2132;97;14;12;25;https://www.ozon.ru/product/batareyki-foton-aa-lr6-24-sht-163011963
163087296;Батарейки ФОТОН АА / LR6 8 шт;4.9;4;Все ОК;2278;2132;97;14;12;25;https://www.ozon.ru/product/batareyki-foton-aa-lr6-8-sht-163087296
163012342;Батарейки ФОТОН ААA / LR03 12 шт;4.9;4;Все ОК;2278;2132;97;14;12;25;https://www.ozon.ru/product/batareyki-foton-aaa-lr03-bp12-12-sht-163012342
163012347;Батарейки ФОТОН ААA / LR03 24 шт;4.9;4;Все ОК;2278;2132;97;14;12;25;https://www.ozon.ru/product/batareyki-foton-aaa-lr03-24-sht-163012347
163012075;Батарейки ФОТОН ААA / LR03 8 шт;4.9;4;Все ОК;2278;2132;97;14;12;25;https://www.ozon.ru/product/batareyki-foton-aaa-lr03-8-sht-163012075
275726965;Батарейки ФОТОН ААА /LR03 10 шт.;4.9;4;Все ОК;2278;2132;97;14;12;25;https://www.ozon.ru/product/batareyki-foton-aaa-lr03-10-sht-275726965
358650920;"Герметик акриловый ""КОНТАКТ"" универсальный морозостойкий, белый, 280мл";4.95;4;Все ОК;23;22;1;0;0;0;https://www.ozon.ru/product/germetik-akrilovyy-kontakt-universalnyy-morozostoykiy-belyy-280ml-358650920
358651373;"Герметик силиконовый ""КОНТАКТ"" нейтральный, белый, 280мл";4.95;4;Все ОК;23;22;1;0;0;0;https://www.ozon.ru/product/germetik-silikonovyy-kontakt-neytralnyy-belyy-280ml-358651373
358651344;"Герметик силиконовый ""КОНТАКТ"" нейтральный, прозрачный, 280мл";4.95;4;Все ОК;23;22;1;0;0;0;https://www.ozon.ru/product/germetik-silikonovyy-kontakt-neytralnyy-prozrachnyy-280ml-358651344
358651345;"Герметик силиконовый ""КОНТАКТ"" санитарный, белый, 280мл";4.95;4;Все ОК;23;22;1;0;0;0;https://www.ozon.ru/product/germetik-silikonovyy-kontakt-sanitarnyy-belyy-280ml-358651345
358648738;"Герметик силиконовый ""КОНТАКТ"" санитарный, прозрачный, 280мл";4.95;4;Все ОК;23;22;1;0;0;0;https://www.ozon.ru/product/germetik-silikonovyy-kontakt-sanitarnyy-prozrachnyy-280ml-358648738
358651369;"Герметик силиконовый ""КОНТАКТ"" универсальный, белый, 280мл";4.95;4;Все ОК;23;22;1;0;0;0;https://www.ozon.ru/product/germetik-silikonovyy-kontakt-universalnyy-belyy-280ml-358651369
358651350;"Герметик силиконовый ""КОНТАКТ"" универсальный, прозрачный, 280мл";4.95;4;Все ОК;23;22;1;0;0;0;https://www.ozon.ru/product/germetik-silikonovyy-kontakt-universalnyy-prozrachnyy-280ml-358651350
225250257;Изолента Safeline 15 мм 10 м 0.15 мкм, 10 шт.;4.75;4;Все ОК;1316;1122;143;31;11;17;https://www.ozon.ru/product/izolenta-safeline-15-mm-10-m-0-15-mkm-10-sht-225250257
155170342;Изолента Safeline 15 мм 10 м 0.15 мкм, 10 шт.;4.75;4;Все ОК;1316;1122;143;31;11;17;https://www.ozon.ru/product/izolenta-safeline-15-10-belaya-155170342
155197715;Изолента Safeline 15 мм 10 м 0.15 мкм, 10 шт.;4.75;4;Все ОК;1316;1122;143;31;11;17;https://www.ozon.ru/product/izolenta-safeline-15-10-zheltaya-155197715
155197717;Изолента Safeline 15 мм 10 м 0.15 мкм, 10 шт.;4.75;4;Все ОК;1316;1122;143;31;11;17;https://www.ozon.ru/product/izolenta-safeline-15-10-zhelto-zelenaya-155197717
155197716;Изолента Safeline 15 мм 10 м 0.15 мкм, 10 шт.;4.75;4;Все ОК;1316;1122;143;31;11;17;https://www.ozon.ru/product/izolenta-safeline-15-10-zelenaya-155197716
155197729;Изолента Safeline 15 мм 10 м 0.15 мкм, 10 шт.;4.75;4;Все ОК;1316;1122;143;31;11;17;https://www.ozon.ru/product/izolenta-safeline-15-10-krasnaya-155197729
155197720;Изолента Safeline 15 мм 10 м 0.15 мкм, 10 шт.;4.75;4;Все ОК;1316;1122;143;31;11;17;https://www.ozon.ru/product/izolenta-safeline-15-10-sero-stalnaya-155197720
155104038;Изолента Safeline 15 мм 10 м 0.15 мкм, 10 шт.;4.75;4;Все ОК;1316;1122;143;31;11;17;https://www.ozon.ru/product/izolenta-safeline-15-10-sinyaya-155104038
155104037;Изолента Safeline 15 мм 10 м 0.15 мкм, 10 шт.;4.75;4;Все ОК;1316;1122;143;31;11;17;https://www.ozon.ru/product/izolenta-safeline-15-10-chernaya-155104037
155197732;Изолента Safeline 15 мм 20 м 0.15 мкм, 1 шт.;4.95;4;Все ОК;441;420;18;5;0;1;https://www.ozon.ru/product/izolenta-safeline-15-20-belaya-155197732
155197718;Изолента Safeline 15 мм 20 м 0.15 мкм, 1 шт.;4.95;4;Все ОК;441;420;18;5;0;1;https://www.ozon.ru/product/izolenta-safeline-15-20-sero-stalnaya-155197718
218051983;Изолента Safeline 15 мм 20 м 0.15 мкм, 5 шт.;4.95;4;Все ОК;441;420;18;5;0;1;https://www.ozon.ru/product/izolenta-safeline-15-mm-20-m-0-15-mkm-5-sht-218051983
218051985;name missing;;4;Работа с отзывами;;0;0;0;0;0;
155104040;Изолента Safeline 19 мм 20 м 0.15 мкм, 1 шт.;4.9;4;Все ОК;389;372;20;1;0;2;https://www.ozon.ru/product/izolenta-safeline-19-20-belaya-155104040
155197736;Изолента Safeline 15 мм 20 м 0.15 мкм, 1 шт.;4.9;4;Все ОК;389;372;20;1;0;2;https://www.ozon.ru/product/izolenta-safeline-19-20-zheltaya-155197736
155197737;Изолента Safeline 19 мм 20 м 0.15 мкм, 1 шт.;4.9;4;Все ОК;389;372;20;1;0;2;https://www.ozon.ru/product/izolenta-safeline-19-20-zelenaya-155197737
155197735;name missing;;4;Работа с отзывами;;0;0;0;0;0;
155197722;name missing;;4;Работа с отзывами;;0;0;0;0;0;
155104041;Изолента Safeline 19 мм 20 м 0.15 мкм, 1 шт.;4.9;4;Все ОК;389;372;20;1;0;2;https://www.ozon.ru/product/izolenta-safeline-19-20-sinyaya-155104041
155104039;Изолента Safeline 19 мм 20 м 0.15 мкм, 1 шт.;4.9;4;Все ОК;389;372;20;1;0;2;https://www.ozon.ru/product/izolenta-safeline-19-20-chernaya-155104039
155170344;Изолента Safeline 19 мм 25 м 0.15 мкм, 1 шт.;4.95;4;Все ОК;154;152;6;0;0;0;https://www.ozon.ru/product/izolenta-safeline-19-25-belaya-155170344
155197726;Изолента Safeline 19 мм 25 м 0.15 мкм, 1 шт.;4.95;4;Все ОК;154;152;6;0;0;0;https://www.ozon.ru/product/izolenta-safeline-19-25-zheltaya-155197726
155170346;Изолента Safeline 19 мм 25 м 0.15 мкм, 1 шт.;4.95;4;Все ОК;154;152;6;0;0;0;https://www.ozon.ru/product/izolenta-safeline-19-25-zhelto-zelenaya-155170346
155197725;Изолента Safeline 19 мм 25 м 0.15 мкм, 1 шт.;4.95;4;Все ОК;154;152;6;0;0;0;https://www.ozon.ru/product/izolenta-safeline-19-25-zelenaya-155197725
155197721;Изолента Safeline 19 мм 25 м 0.15 мкм, 1 шт.;4.95;4;Все ОК;154;152;6;0;0;0;https://www.ozon.ru/product/izolenta-safeline-19-25-krasnaya-155197721
155197727;Изолента Safeline 19 мм 25 м 0.15 мкм, 1 шт.;4.95;4;Все ОК;154;152;6;0;0;0;https://www.ozon.ru/product/izolenta-safeline-19-25-sero-stalnaya-3-sht-155197727
155170343;Изолента Safeline 19 мм 25 м 0.15 мкм, 1 шт.;4.95;4;Все ОК;154;152;6;0;0;0;https://www.ozon.ru/product/izolenta-safeline-19-25-sinyaya-155170343
155170345;Изолента Safeline 19 мм 25 м 0.15 мкм, 10 шт.;4.95;4;Все ОК;154;152;6;0;0;0;https://www.ozon.ru/product/izolenta-safeline-19-25-chernaya-155170345
155104035;Изолента Safeline 15 мм 5 м 0.15 мкм, 10 шт.;4.75;4;Все ОК;179;154;17;6;2;2;https://www.ozon.ru/product/izolenta-safeline-auto-15-5-siniy-155104035
155104034;Изолента Safeline 15 мм 5 м 0.15 мкм, 10 шт.;4.75;4;Все ОК;179;154;17;6;2;2;https://www.ozon.ru/product/izolenta-safeline-auto-15-5-chernaya-155104034
155104036;Изолента Safeline 15 мм 5 м 0.15 мкм, 7 шт.;4.75;4;Все ОК;1316;1122;143;31;11;17;https://www.ozon.ru/product/izolenta-safeline-master-15-5-komplekt-7-tsvetov-155104036
168554417;Индикаторная отвертка SafeLine, многофункциональная;4.75;4;Все ОК;1123;985;97;29;8;21;https://www.ozon.ru/product/indikatornaya-otvertka-safeline-mnogofunktsionalnaya-168554417
158531804;"Клей строительный Контакт Клей ""КОНТАКТ"" Минутный универсальный (супер-клей), 20 г. 2E-3 кг, 1 шт.";5.0;4;Все ОК;19;19;0;0;0;0;https://www.ozon.ru/product/kley-kontakt-minutnyy-universalnyy-20-g-158531804
158285894;"Клей ПВА ""КОНТАКТ"", 250 гр. (клей для слаймов)";4.95;4;Все ОК;145;140;4;0;0;1;https://www.ozon.ru/product/kley-pva-kontakt-250-gr-slaym-kley-158285894
358648744;"Клей-герметик гибридный ""КОНТАКТ"" санитарный профессиональный, белый, 290мл";4.95;4;Все ОК;23;22;1;0;0;0;https://www.ozon.ru/product/kley-germetik-gibridnyy-kontakt-sanitarnyy-professionalnyy-belyy-290ml-358648744
358650930;"Клей-герметик гибридный ""КОНТАКТ"" санитарный профессиональный, прозрачный, 290мл";4.95;4;Все ОК;23;22;1;0;0;0;https://www.ozon.ru/product/kley-germetik-gibridnyy-kontakt-sanitarnyy-professionalnyy-prozrachnyy-290ml-358650930
358862900;"Клей-герметик гибридный ""КОНТАКТ"" сверхсильный профессиональный, белый, 290мл";4.95;4;Все ОК;23;22;1;0;0;0;https://www.ozon.ru/product/kley-germetik-gibridnyy-kontakt-sverhsilnyy-professionalnyy-belyy-290ml-358862900
158322995;"Клей Контакт Контактный клей ""КОНТАКТ"", прозрачный, 30 мл. 30 мл, 1 шт.";4.95;4;Все ОК;27;26;2;0;0;0;https://www.ozon.ru/product/kontaktnyy-kley-kontakt-prozrachnyy-30-ml-158322995
165265612;name missing;;4;Работа с отзывами;;0;0;0;0;0;
165265616;name missing;;4;Работа с отзывами;;0;0;0;0;0;
175808793;Лампочка Фотон для дома, для гостиной комнаты, Золотой свет, 2 Вт, Светодиодная, 1 шт.;4.9;4;Все ОК;2241;2089;97;23;16;19;https://www.ozon.ru/product/lampochka-foton-dlya-doma-dlya-gostinoy-komnaty-zolotoy-svet-2-vt-svetodiodnaya-1-sht-175808793
165265621;Лампочка Фотон для дома, для гостиной комнаты, Нейтральный белый свет, E14, 4 Вт, Светодиодная, 1 шт.;4.75;4;Все ОК;408;358;26;8;9;9;https://www.ozon.ru/product/lampa-svetodiodnaya-foton-led-fl-b35-4w-e14-4000k-165265621
165265619;Лампочка Фотон для дома, для гостиной комнаты, Нейтральный белый свет, E14, 4 Вт, Светодиодная, 1 шт.;4.75;4;Все ОК;408;358;26;8;9;9;https://www.ozon.ru/product/lampa-svetodiodnaya-foton-led-fl-bxs35-4w-e14-4000k-165265619
155077041;Лампочка Фотон для дома, для гостиной комнаты, Золотой свет, E27, 6 Вт, Светодиодная, 1 шт.;4.9;4;Все ОК;2241;2089;97;23;16;19;https://www.ozon.ru/product/lampa-svetodiodnaya-foton-led-fl-g95-6w-e27-2200k-seriya-dekor-155077041
165265620;Лампочка Фотон для дома, для гостиной комнаты, Нейтральный белый свет, E14, 4 Вт, Светодиодная, 1 шт.;4.75;4;Все ОК;408;358;26;8;9;9;https://www.ozon.ru/product/lampa-svetodiodnaya-foton-led-fl-p45-4w-e14-4000k-165265620
165265618;name missing;;4;Работа с отзывами;;0;0;0;0;0;
155086499;Лампочка Фотон для дома, для гостиной комнаты, Золотой свет, 6 Вт, Светодиодная, 1 шт.;4.9;4;Все ОК;2241;2089;97;23;16;19;https://www.ozon.ru/product/lampa-svetodiodnaya-foton-led-fl-st64-6w-e27-2200k-seriya-dekor-155086499
155082846;Лампочка Фотон для дома, для гостиной комнаты, Теплый белый свет, E27, 6 Вт, Светодиодная, 1 шт.;4.75;4;Все ОК;408;358;26;8;9;9;https://www.ozon.ru/product/lampa-svetodiodnaya-filamentnaya-foton-led-fl-a60-6w-e27-3000k-155082846
155078615;name missing;;4;Работа с отзывами;;0;0;0;0;0;
155086496;Лампочка Фотон для дома, для гостиной комнаты, Теплый белый свет, E14, 4 Вт, Светодиодная, 1 шт.;4.75;4;Все ОК;408;358;26;8;9;9;https://www.ozon.ru/product/lampa-svetodiodnaya-filamentnaya-foton-led-fl-b35-4w-e14-3000k-155086496
155079512;name missing;;4;Работа с отзывами;;0;0;0;0;0;
155083293;Лампочка Фотон для дома, для гостиной комнаты, Теплый белый свет, E14, 4 Вт, Светодиодная, 1 шт.;4.75;4;Все ОК;408;358;26;8;9;9;https://www.ozon.ru/product/lampa-svetodiodnaya-filamentnaya-foton-led-fl-p45-4w-e14-3000k-155083293
175808794;name missing;;4;Работа с отзывами;;0;0;0;0;0;
396776210;Лампочка Фотон серия Х, для дома, Теплый белый свет, E14, 8 Вт, Светодиодная, 1 шт.;4.9;4;Все ОК;42;42;4;0;0;0;https://www.ozon.ru/product/lampochka-foton-seriya-h-dlya-doma-teplyy-belyy-svet-e14-svetodiodnaya-1-sht-396776210
396772580;Лампочка Фотон серия Х, для дома, Дневной белый свет, E14, 8 Вт, Светодиодная, 1 шт.;4.9;4;Все ОК;42;42;4;0;0;0;https://www.ozon.ru/product/lampochka-foton-seriya-h-dlya-doma-dnevnoy-belyy-svet-e14-8-vt-svetodiodnaya-1-sht-396772580
396646586;Лампочка Фотон серия Х, Желтый свет, E14, 7 Вт, Филаментная, 1 шт.;4.85;4;Все ОК;28;25;4;0;0;0;https://www.ozon.ru/product/lampochka-foton-seriya-h-zheltyy-svet-e14-filamentnaya-1-sht-396646586
396645329;Лампочка Фотон серия Х, Дневной белый свет, E14, 7 Вт, Филаментная, 1 шт.;4.85;4;Все ОК;28;25;4;0;0;0;https://www.ozon.ru/product/lampochka-foton-seriya-h-dnevnoy-belyy-svet-e14-filamentnaya-1-sht-396645329
155079536;Лампочка Фотон для дома, для гостиной комнаты, Теплый белый свет, E27, 12 Вт, Светодиодная, 1 шт.;4.9;4;Все ОК;2241;2089;97;23;16;19;https://www.ozon.ru/product/nabor-svetodiodnyh-lampochek-foton-led-a60-12w-e27-3000k-5-sht-155079536
155077696;Лампочка Фотон для дома, для гостиной комнаты, Нейтральный белый свет, E27, 12 Вт, Светодиодная, 1 шт.;4.9;4;Все ОК;2241;2089;97;23;16;19;https://www.ozon.ru/product/nabor-svetodiodnyh-lampochek-foton-led-a60-12w-e27-4000k-5-sht-155077696
175773514;Лампочка Фотон для дома, для гостиной комнаты, Холодный белый свет, E27, 12 Вт, Светодиодная, 1 шт.;4.9;4;Все ОК;2241;2089;97;23;16;19;https://www.ozon.ru/product/lampochka-foton-dlya-doma-dlya-gostinoy-komnaty-holodnyy-belyy-svet-e27-12-vt-svetodiodnaya-1-sht-175773514
155086500;Лампочка Фотон для дома, для гостиной комнаты, Теплый белый свет, E27, 15 Вт, Светодиодная, 1 шт.;4.9;4;Все ОК;2241;2089;97;23;16;19;https://www.ozon.ru/product/lampa-svetodiodnaya-foton-led-a60-15w-e27-3000k-155086500
165265591;Лампочка Фотон для дома, для гостиной комнаты, Нейтральный белый свет, E27, 15 Вт, Светодиодная, 1 шт.;4.9;4;Все ОК;2241;2089;97;23;16;19;https://www.ozon.ru/product/lampa-svetodiodnaya-foton-led-a60-15w-e27-4000k-165265591
248306354;Лампочка Фотон для дома, для гостиной комнаты, Холодный белый свет, E27, 15 Вт, Светодиодная, 1 шт.;4.9;4;Все ОК;2241;2089;97;23;16;19;https://www.ozon.ru/product/lampochka-foton-dlya-doma-dlya-gostinoy-komnaty-holodnyy-belyy-svet-e27-15-vt-svetodiodnaya-1-sht-248306354
248347261;Лампочка Фотон для дома, для гостиной комнаты, Теплый белый свет, E27, 20 Вт, Светодиодная, 1 шт.;4.9;4;Все ОК;2241;2089;97;23;16;19;https://www.ozon.ru/product/lampochka-foton-dlya-doma-dlya-gostinoy-komnaty-teplyy-belyy-svet-e27-20-vt-svetodiodnaya-1-sht-248347261
248307988;name missing;;4;Работа с отзывами;;0;0;0;0;0;
470849601;Лампочка Фотон для дома, Теплый белый свет, E14, 11 Вт, Светодиодная, 1 шт.;5.0;4;Все ОК;1;1;0;0;0;0;https://www.ozon.ru/product/lampochka-foton-dlya-doma-teplyy-belyy-svet-e14-11-vt-svetodiodnaya-1-sht-470849601
470852003;Лампочка Фотон для дома, Холодный белый свет, E14, 11 Вт, Светодиодная, 1 шт.;5.0;4;Все ОК;1;1;0;0;0;0;https://www.ozon.ru/product/lampochka-foton-dlya-doma-holodnyy-belyy-svet-e14-11-vt-svetodiodnaya-1-sht-470852003
248785781;Лампочка Фотон для дома, для гостиной комнаты, Теплый белый свет, E14, 9 Вт, Светодиодная, 1 шт.;4.9;4;Все ОК;2241;2089;97;23;16;19;https://www.ozon.ru/product/lampochka-foton-dlya-doma-dlya-gostinoy-komnaty-teplyy-belyy-svet-e14-9-vt-svetodiodnaya-1-sht-248785781
165265599;name missing;;4;Работа с отзывами;;0;0;0;0;0;
380226950;Лампочка Фотон для дома, для гостиной комнаты, Теплый белый свет, E27, 4 Вт, Светодиодная, 1 шт.;4.9;4;Все ОК;2241;2089;97;23;16;19;https://www.ozon.ru/product/lampochka-foton-dlya-doma-dlya-gostinoy-komnaty-teplyy-belyy-svet-e27-4-vt-svetodiodnaya-1-sht-380226950
380226956;Лампочка Фотон для дома, для гостиной комнаты, Теплый белый свет, E14, 4 Вт, Светодиодная, 1 шт.;4.9;4;Все ОК;2241;2089;97;23;16;19;https://www.ozon.ru/product/lampochka-foton-dlya-doma-dlya-gostinoy-komnaty-teplyy-belyy-svet-e14-4-vt-svetodiodnaya-1-sht-380226956
380228957;Лампочка Фотон для дома, для гостиной комнаты, Теплый белый свет, E27, 4 Вт, Светодиодная, 1 шт.;4.9;4;Все ОК;2241;2089;97;23;16;19;https://www.ozon.ru/product/lampochka-foton-dlya-doma-dlya-gostinoy-komnaty-teplyy-belyy-svet-e27-4-vt-svetodiodnaya-1-sht-380228957
380226971;Лампочка Фотон для дома, для гостиной комнаты, Теплый белый свет, E14, 4 Вт, Светодиодная, 1 шт.;4.9;4;Все ОК;2241;2089;97;23;16;19;https://www.ozon.ru/product/lampochka-foton-dlya-doma-dlya-gostinoy-komnaty-teplyy-belyy-svet-e14-4-vt-svetodiodnaya-1-sht-380226971
380228964;Лампочка Фотон для дома, для гостиной комнаты, Теплый белый свет, E27, 4 Вт, Светодиодная, 1 шт.;4.9;4;Все ОК;2241;2089;97;23;16;19;https://www.ozon.ru/product/lampochka-foton-dlya-doma-dlya-gostinoy-komnaty-teplyy-belyy-svet-e27-4-vt-svetodiodnaya-1-sht-380228964
380226963;Лампочка Фотон для дома, для гостиной комнаты, Теплый белый свет, E27, 4 Вт, Светодиодная, 1 шт.;4.9;4;Все ОК;2241;2089;97;23;16;19;https://www.ozon.ru/product/lampochka-foton-dlya-doma-dlya-gostinoy-komnaty-teplyy-belyy-svet-e27-4-vt-svetodiodnaya-1-sht-380226963
396637164;Лампочка Фотон серия Х, Желтый свет, E14, 7 Вт, Филаментная, 1 шт.;4.85;4;Все ОК;28;25;4;0;0;0;https://www.ozon.ru/product/lampochka-foton-seriya-h-zheltyy-svet-e14-7-vt-filamentnaya-1-sht-396637164
396795571;Лампочка Фотон серия Х, Дневной белый свет, E14, 7 Вт, Филаментная, 1 шт.;4.0;4;Все ОК;4;2;1;0;1;0;https://www.ozon.ru/product/lampochka-foton-seriya-h-dnevnoy-belyy-svet-e14-filamentnaya-1-sht-396795571
396641570;Лампочка Фотон серия Х, Желтый свет, E27, 7 Вт, Филаментная, 1 шт.;4.85;4;Все ОК;28;25;4;0;0;0;https://www.ozon.ru/product/lampochka-foton-seriya-h-zheltyy-svet-e27-7-vt-filamentnaya-1-sht-396641570
396652939;Лампочка Фотон серия Х, Дневной белый свет, E27, 7 Вт, Филаментная, 1 шт.;4.85;4;Все ОК;28;25;4;0;0;0;https://www.ozon.ru/product/lampochka-foton-seriya-h-dnevnoy-belyy-svet-e27-7-vt-filamentnaya-1-sht-396652939
380229996;Лампочка Фотон для дома, для гостиной комнаты, Теплый белый свет, E14, 4 Вт, Светодиодная, 1 шт.;4.9;4;Все ОК;2241;2089;97;23;16;19;https://www.ozon.ru/product/lampochka-foton-dlya-doma-dlya-gostinoy-komnaty-teplyy-belyy-svet-e14-4-vt-svetodiodnaya-1-sht-380229996
380226944;Лампочка Фотон для дома, для гостиной комнаты, Теплый белый свет, E27, 4 Вт, Светодиодная, 1 шт.;4.9;4;Все ОК;2241;2089;97;23;16;19;https://www.ozon.ru/product/lampochka-foton-dlya-doma-dlya-gostinoy-komnaty-teplyy-belyy-svet-e27-4-vt-svetodiodnaya-1-sht-380226944
380229992;name missing;;4;Работа с отзывами;;0;0;0;0;0;
380229988;Лампочка Фотон для дома, для гостиной комнаты, Теплый белый свет, E27, 4 Вт, Светодиодная, 1 шт.;4.9;4;Все ОК;2241;2089;97;23;16;19;https://www.ozon.ru/product/lampochka-foton-dlya-doma-dlya-gostinoy-komnaty-teplyy-belyy-svet-e27-4-vt-svetodiodnaya-1-sht-380229988
380230000;Лампочка Фотон для дома, для гостиной комнаты, Теплый белый свет, E14, 4 Вт, Светодиодная, 1 шт.;4.9;4;Все ОК;2241;2089;97;23;16;19;https://www.ozon.ru/product/lampochka-foton-dlya-doma-dlya-gostinoy-komnaty-teplyy-belyy-svet-e14-4-vt-svetodiodnaya-1-sht-380230000
380227969;Лампочка Фотон для дома, для гостиной комнаты, Теплый белый свет, E27, 4 Вт, Светодиодная, 1 шт.;4.9;4;Все ОК;2241;2089;97;23;16;19;https://www.ozon.ru/product/lampochka-foton-dlya-doma-dlya-gostinoy-komnaty-teplyy-belyy-svet-e27-4-vt-svetodiodnaya-1-sht-380227969
380230004;Лампочка Фотон для дома, для гостиной комнаты, Теплый белый свет, E27, 4 Вт, Светодиодная, 1 шт.;4.9;4;Все ОК;2241;2091;97;23;16;19;https://www.ozon.ru/product/lampochka-foton-dlya-doma-dlya-gostinoy-komnaty-teplyy-belyy-svet-e27-4-vt-svetodiodnaya-1-sht-380230004
246253609;Лампочка Фотон для дома, для гостиной комнаты, Теплый белый свет, E27, 20 Вт, Светодиодная, 1 шт.;4.9;4;Все ОК;2241;2091;97;23;16;19;https://www.ozon.ru/product/lampochka-foton-dlya-doma-dlya-gostinoy-komnaty-teplyy-belyy-svet-e27-20-vt-svetodiodnaya-1-sht-246253609
246253695;Лампочка Фотон для дома, для гостиной комнаты, Теплый белый свет, E27, 20 Вт, Светодиодная, 1 шт.;4.9;4;Все ОК;2241;2091;97;23;16;19;https://www.ozon.ru/product/lampochka-foton-dlya-doma-dlya-gostinoy-komnaty-teplyy-belyy-svet-e27-20-vt-svetodiodnaya-1-sht-246253695
246253627;Лампочка Фотон для дома, для гостиной комнаты, Теплый белый свет, E27, 15 Вт, Светодиодная, 1 шт.;4.9;4;Все ОК;2241;2091;97;23;16;19;https://www.ozon.ru/product/lampochka-foton-dlya-doma-dlya-gostinoy-komnaty-teplyy-belyy-svet-e27-15-vt-svetodiodnaya-1-sht-246253627
246253818;Лампочка Фотон для дома, для гостиной комнаты, Теплый белый свет, E27, 15 Вт, Светодиодная, 1 шт.;4.9;4;Все ОК;2241;2091;97;23;16;19;https://www.ozon.ru/product/lampochka-foton-dlya-doma-dlya-gostinoy-komnaty-teplyy-belyy-svet-e27-15-vt-svetodiodnaya-1-sht-246253818
247454172;Лампочка Фотон для дома, для гостиной комнаты, Теплый белый свет, G4, 4 Вт, Светодиодная, 1 шт.;4.9;4;Все ОК;2241;2091;97;23;16;19;https://www.ozon.ru/product/lampochka-foton-dlya-doma-dlya-gostinoy-komnaty-teplyy-belyy-svet-g4-4-vt-svetodiodnaya-1-sht-247454172
245907850;Лампочка Фотон для дома, для гостиной комнаты, Теплый белый свет, G4, 4 Вт, Светодиодная, 1 шт.;4.9;4;Все ОК;2241;2091;97;23;16;19;https://www.ozon.ru/product/lampochka-foton-dlya-doma-dlya-gostinoy-komnaty-teplyy-belyy-svet-g4-4-vt-svetodiodnaya-1-sht-245907850
248279744;Лампочка Фотон для дома, для гостиной комнаты, Теплый белый свет, G9, 4 Вт, Светодиодная, 1 шт.;4.9;4;Все ОК;2241;2091;97;23;16;19;https://www.ozon.ru/product/lampochka-foton-dlya-doma-dlya-gostinoy-komnaty-teplyy-belyy-svet-g9-4-vt-svetodiodnaya-1-sht-248279744
248328135;Лампочка Фотон для дома, для гостиной комнаты, Теплый белый свет, G9, 4 Вт, Светодиодная, 1 шт.;4.9;4;Все ОК;2241;2091;97;23;16;19;https://www.ozon.ru/product/lampochka-foton-dlya-doma-dlya-gostinoy-komnaty-teplyy-belyy-svet-g9-4-vt-svetodiodnaya-1-sht-248328135
248290757;Лампочка Фотон для дома, для гостиной комнаты, Нейтральный белый свет, GU10, 5 Вт, Светодиодная, 1 шт.;4.9;4;Все ОК;2241;2091;97;23;16;19;https://www.ozon.ru/product/lampochka-foton-dlya-doma-dlya-gostinoy-komnaty-neytralnyy-belyy-svet-gu10-5-vt-svetodiodnaya-1-sht-248290757
248305595;Лампочка Фотон для дома, для гостиной комнаты, Холодный белый свет, GU10, 5 Вт, Светодиодная, 1 шт.;4.9;4;Все ОК;2241;2091;97;23;16;19;https://www.ozon.ru/product/lampochka-foton-dlya-doma-dlya-gostinoy-komnaty-holodnyy-belyy-svet-gu10-5-vt-svetodiodnaya-1-sht-248305595
248298590;Лампочка Фотон для дома, для гостиной комнаты, Теплый белый свет, GU5.3, 5 Вт, Светодиодная, 1 шт.;4.9;4;Все ОК;2241;2091;97;23;16;19;https://www.ozon.ru/product/lampochka-foton-dlya-doma-dlya-gostinoy-komnaty-teplyy-belyy-svet-gu5-3-5-vt-svetodiodnaya-1-sht-248298590
248774082;name missing;;4;Работа с отзывами;;0;0;0;0;0;
248284001;Лампочка Фотон для дома, для гостиной комнаты, Холодный белый свет, GU10, 7 Вт, Светодиодная, 1 шт.;4.9;4;Все ОК;2241;2091;97;23;16;19;https://www.ozon.ru/product/lampochka-foton-dlya-doma-dlya-gostinoy-komnaty-holodnyy-belyy-svet-gu10-7-vt-svetodiodnaya-1-sht-248284001
248290051;Лампочка Фотон для дома, для гостиной комнаты, Теплый белый свет, GU5.3, 7 Вт, Светодиодная, 1 шт.;4.9;4;Все ОК;2241;2091;97;23;16;19;https://www.ozon.ru/product/lampochka-foton-dlya-doma-dlya-gostinoy-komnaty-teplyy-belyy-svet-gu5-3-7-vt-svetodiodnaya-1-sht-248290051
248289809;Лампочка Фотон для дома, для гостиной комнаты, Теплый белый свет, E14, 9 Вт, Светодиодная, 1 шт.;4.9;4;Все ОК;2241;2091;97;23;16;19;https://www.ozon.ru/product/lampochka-foton-dlya-doma-dlya-gostinoy-komnaty-teplyy-belyy-svet-e14-9-vt-svetodiodnaya-1-sht-248289809
248308058;Лампочка Фотон для дома, для гостиной комнаты, Теплый белый свет, E27, 9 Вт, Светодиодная, 1 шт.;4.9;4;Все ОК;2241;2091;97;23;16;19;https://www.ozon.ru/product/lampochka-foton-dlya-doma-dlya-gostinoy-komnaty-teplyy-belyy-svet-e27-9-vt-svetodiodnaya-1-sht-248308058
396773261;Лампочка Фотон серия Х, для дома, Теплый белый свет, E14, 8 Вт, Светодиодная, 1 шт.;4.9;4;Все ОК;42;42;4;0;0;0;https://www.ozon.ru/product/lampochka-foton-seriya-h-dlya-doma-teplyy-belyy-svet-e14-8-vt-svetodiodnaya-1-sht-396773261
396798426;Лампочка Фотон серия Х, для дома, Дневной белый свет, E14, 8 Вт, Светодиодная, 1 шт.;4.9;4;Все ОК;42;42;4;0;0;0;https://www.ozon.ru/product/lampochka-foton-seriya-h-dlya-doma-dnevnoy-belyy-svet-e14-svetodiodnaya-1-sht-396798426
396772890;Лампочка Фотон серия Х, для дома, Теплый белый свет, E27, 8 Вт, Светодиодная, 1 шт.;4.9;4;Все ОК;42;42;4;0;0;0;https://www.ozon.ru/product/lampochka-foton-seriya-h-dlya-doma-teplyy-belyy-svet-e27-8-vt-svetodiodnaya-1-sht-396772890
396773796;Лампочка Фотон серия Х, для дома, Дневной белый свет, E27, 8 Вт, Светодиодная, 1 шт.;4.9;4;Все ОК;42;42;4;0;0;0;https://www.ozon.ru/product/lampochka-foton-seriya-h-dlya-doma-dnevnoy-belyy-svet-e27-8-vt-svetodiodnaya-1-sht-396773796
248333391;Лампочка Фотон для дома, для гостиной комнаты, Теплый белый свет, E14, 7 Вт, Светодиодная, 1 шт.;4.9;4;Все ОК;2241;2091;97;23;16;19;https://www.ozon.ru/product/lampochka-foton-dlya-doma-dlya-gostinoy-komnaty-teplyy-belyy-svet-e14-7-vt-svetodiodnaya-1-sht-248333391
248307838;Лампочка Фотон для дома, для гостиной комнаты, Теплый белый свет, E14, 7 Вт, Светодиодная, 1 шт.;4.9;4;Все ОК;2241;2091;97;23;16;19;https://www.ozon.ru/product/lampochka-foton-dlya-doma-dlya-gostinoy-komnaty-teplyy-belyy-svet-e14-7-vt-svetodiodnaya-1-sht-248307838
317983654;Лампочка Фотон для дома, для гостиной комнаты, Теплый белый свет, E14, 9 Вт, Светодиодная, 1 шт.;4.9;4;Все ОК;2241;2091;97;23;16;19;https://www.ozon.ru/product/lampochka-foton-dlya-doma-dlya-gostinoy-komnaty-teplyy-belyy-svet-e14-9-vt-svetodiodnaya-1-sht-317983654
317943658;name missing;;4;Работа с отзывами;;0;0;0;0;0;
292154224;Лампочка Фотон для дома, для гостиной комнаты, Теплый белый свет, GU5.3, 7 Вт, Светодиодная, 1 шт.;4.9;4;Все ОК;2241;2091;97;23;16;19;https://www.ozon.ru/product/lampochka-foton-dlya-doma-dlya-gostinoy-komnaty-teplyy-belyy-svet-gu5-3-7-vt-svetodiodnaya-1-sht-292154224
292132031;Лампочка Фотон для дома, для гостиной комнаты, Холодный белый свет, GU5.3, 7 Вт, Светодиодная, 1 шт.;4.9;4;Все ОК;2241;2091;97;23;16;19;https://www.ozon.ru/product/lampochka-foton-dlya-doma-dlya-gostinoy-komnaty-holodnyy-belyy-svet-gu5-3-7-vt-svetodiodnaya-1-sht-292132031
292126631;Лампочка Фотон для дома, для гостиной комнаты, Нейтральный белый свет, E14, 9 Вт, Светодиодная, 1 шт.;4.9;4;Все ОК;2241;2091;97;23;16;19;https://www.ozon.ru/product/lampochka-foton-dlya-doma-dlya-gostinoy-komnaty-neytralnyy-belyy-svet-e14-9-vt-svetodiodnaya-1-sht-292126631
317958316;Лампочка Фотон для дома, для гостиной комнаты, Холодный белый свет, E27, 10 Вт, Светодиодная, 1 шт.;4.9;4;Все ОК;2241;2091;97;23;16;19;https://www.ozon.ru/product/lampochka-foton-dlya-doma-dlya-gostinoy-komnaty-holodnyy-belyy-svet-e27-10-vt-svetodiodnaya-1-sht-317958316
205142499;Литиевые батарейки ФОТОН CR2025 2 шт.;4.9;4;Все ОК;2278;2132;97;14;12;25;https://www.ozon.ru/product/litievye-batareyki-foton-cr2025-2-sht-205142499
205142501;Литиевые батарейки ФОТОН CR2032, 2 шт.;4.9;4;Все ОК;2278;2132;97;14;12;25;https://www.ozon.ru/product/litievye-batareyki-foton-cr2032-2-sht-205142501
171136898;Литиевая батарейка ФОТОН CR2025;4.9;4;Все ОК;2278;2132;97;14;12;25;https://www.ozon.ru/product/litievaya-batareyka-foton-cr2025-171136898
171136985;Литиевая батарейка ФОТОН CR2032;4.9;4;Все ОК;2278;2132;97;14;12;25;https://www.ozon.ru/product/litievaya-batareyka-foton-cr2032-171136985
171136984;Литиевые батарейки ФОТОН CR1220, 4 шт.;4.9;4;Все ОК;2278;2132;97;14;12;25;https://www.ozon.ru/product/litievye-batareyki-foton-cr1220-4-sht-171136984
171136979;Литиевые батарейки ФОТОН CR1616 4 шт.;4.9;4;Все ОК;2278;2132;97;14;12;25;https://www.ozon.ru/product/litievye-batareyki-foton-cr1616-4-sht-171136979
205142491;Литиевые батарейки ФОТОН CR2016, 2 шт.;4.9;4;Все ОК;2278;2132;97;14;12;25;https://www.ozon.ru/product/litievye-batareyki-foton-cr2016-2-sht-205142491
171136981;Литиевые батарейки ФОТОН CR2016, 4 шт.;4.9;4;Все ОК;2278;2132;97;14;12;25;https://www.ozon.ru/product/litievye-batareyki-foton-cr2016-4-sht-171136981
171136897;Литиевые батарейки ФОТОН CR2025 4 шт.;4.9;4;Все ОК;2278;2132;97;14;12;25;https://www.ozon.ru/product/litievye-batareyki-foton-cr2025-4-sht-171136897
171136987;Литиевые батарейки ФОТОН CR2032 4 шт.;4.9;4;Все ОК;2278;2132;97;14;12;25;https://www.ozon.ru/product/litievye-batareyki-foton-cr2032-4-sht-171136987
475498415;Монтажная лента КОНТАКТ Дом двусторонняя 19 мм x 2 м, 1 шт;;4;Работа с отзывами;;0;0;0;0;0;https://www.ozon.ru/product/montazhnaya-lenta-kontakt-dom-dvustoronnyaya-19-mm-x-2-m-1-sht-475498415
358651359;"Монтажный клей акриловый ""КОНТАКТ"" универсальный, белый, 280мл";4.2;4;Все ОК;5;4;0;0;0;1;https://www.ozon.ru/product/montazhnyy-kley-akrilovyy-kontakt-universalnyy-belyy-280ml-358651359
358648753;"Монтажный клей акриловый ""КОНТАКТ"" универсальный, прозрачный, 280мл";4.2;4;Все ОК;5;4;0;0;0;1;https://www.ozon.ru/product/montazhnyy-kley-akrilovyy-kontakt-universalnyy-prozrachnyy-280ml-358648753
358651366;"Монтажный клей каучуковый ""КОНТАКТ"" универсальный, бежевый, 280мл";5.0;4;Все ОК;6;6;0;0;0;0;https://www.ozon.ru/product/montazhnyy-kley-kauchukovyy-kontakt-universalnyy-bezhevyy-280ml-358651366
358651353;"Монтажный клей каучуковый ""КОНТАКТ"" универсальный, прозрачный, 280мл";5.0;4;Все ОК;6;6;0;0;0;0;https://www.ozon.ru/product/montazhnyy-kley-kauchukovyy-kontakt-universalnyy-prozrachnyy-280ml-358651353
162115270;"Мультфонарик с дисками ""ФОТОН"", Disney ""Винни и его друзья""";4.8;4;Все ОК;44;39;3;1;0;1;https://www.ozon.ru/product/multfonarik-s-diskami-foton-disney-vinni-i-ego-druzya-162115270
169978715;"Мультфонарик с дисками ""ФОТОН"", Disney ""Принцесса""";4.8;4;Все ОК;57;51;4;1;2;0;https://www.ozon.ru/product/foton-multfonarik-s-diskami-printsessa-169978715
169978720;"Мультфонарик с дисками ""ФОТОН"", Disney/Pixar ""Тачки""";4.85;4;Все ОК;42;38;2;1;1;0;https://www.ozon.ru/product/foton-multfonarik-s-diskami-tachki-169978720
155092247;"Мультфонарик со сменными дисками ""Союзмультфильм"", Любимые сказки, Сборник 1";4.6;4;Все ОК;244;193;26;14;4;7;https://www.ozon.ru/product/multfonarik-so-smennymi-diskami-soyuzmultfilm-lyubimye-skazki-sbornik-1-155092247
169949367;"Мультфонарик со сменными дисками ""Союзмультфильм"", Любимые сказки, Сборник 2";4.6;4;Все ОК;244;193;26;14;4;7;https://www.ozon.ru/product/multfonarik-so-smennymi-diskami-soyuzmultfilm-lyubimye-skazki-sbornik-2-169949367
155090163;"Мультфонарик со сменными дисками ""Союзмультфильм"", Любимые сказки, Сборник 4";4.6;4;Все ОК;244;193;26;14;4;7;https://www.ozon.ru/product/multfonarik-so-smennymi-diskami-soyuzmultfilm-lyubimye-skazki-sbornik-4-155090163
155089365;"Мультфонарик со сменными кассетами ""Смешарики. Легенда о Золотом драконе"", Ёжик";4.9;4;Все ОК;27;24;3;0;0;0;https://www.ozon.ru/product/multfonarik-so-smennymi-kassetami-smeshariki-legenda-o-zolotom-drakone-ezhik-155089365
155080551;"Мультфонарик со сменными кассетами ""Смешарики. Легенда о Золотом драконе"", Крош";4.9;4;Все ОК;27;24;3;0;0;0;https://www.ozon.ru/product/multfonarik-so-smennymi-kassetami-smeshariki-legenda-o-zolotom-drakone-krosh-155080551
162115269;"Мультфонарик-брелок ""Маша и Медведь"", Маша";4.8;4;Все ОК;180;160;12;7;0;3;https://www.ozon.ru/product/multfonarik-brelok-masha-i-medved-masha-162115269
155079740;"Мультфонарик-брелок ""Маша и Медведь"", Медведь";4.8;4;Все ОК;180;160;12;7;0;3;https://www.ozon.ru/product/multfonarik-brelok-masha-i-medved-medved-155079740
162115271;"Мультфонарик-брелок Disney ""Винни и его друзья"", Медвежонок Винни";4.85;4;Все ОК;95;86;5;5;0;0;https://www.ozon.ru/product/multfonarik-brelok-disney-vinni-i-ego-druzya-medvezhonok-vinni-162115271
155079668;name missing;;4;Работа с отзывами;;0;0;0;0;0;
155088892;"Мультфонарик-брелок Disney ""Винни и его друзья"", Ушастик";4.85;4;Все ОК;95;86;5;5;0;0;https://www.ozon.ru/product/multfonarik-brelok-disney-vinni-i-ego-druzya-ushastik-155088892
162115272;"Мультфонарик-брелок Disney ""Винни и его друзья"", Хрюня";4.85;4;Все ОК;95;86;5;5;0;0;https://www.ozon.ru/product/multfonarik-brelok-disney-vinni-i-ego-druzya-hryunya-162115272
169978724;name missing;;4;Работа с отзывами;;0;0;0;0;0;
169978722;name missing;;4;Работа с отзывами;;0;0;0;0;0;
170036310;name missing;;4;Работа с отзывами;;0;0;0;0;0;
162115268;name missing;;4;Работа с отзывами;;0;0;0;0;0;
169972658;name missing;;4;Работа с отзывами;;0;0;0;0;0;
169972656;name missing;;4;Работа с отзывами;;0;0;0;0;0;
169972657;"Мультфонарик-проектор Disney/Pixar ""Тачки""";4.55;4;Все ОК;189;154;10;9;9;7;https://www.ozon.ru/product/multfonarik-proektor-disney-pixar-tachki-169972657
170036306;name missing;;4;Работа с отзывами;;0;0;0;0;0;
248279357;Лампочка Рекорд для дома, для гостиной комнаты, Холодный белый свет, E27, 7 Вт, Светодиодная, 5 шт.;4.9;4;Все ОК;1482;1375;79;21;4;10;https://www.ozon.ru/product/lampochka-rekord-dlya-doma-dlya-gostinoy-komnaty-holodnyy-belyy-svet-e27-7-vt-svetodiodnaya-5-sht-248279357
248279570;name missing;;4;Работа с отзывами;;0;0;0;0;0;
248334060;name missing;;4;Работа с отзывами;;0;0;0;0;0;
244647575;Лампочка Рекорд для дома, для гостиной комнаты, Теплый белый свет, E14, 7 Вт, Светодиодная, 5 шт.;4.9;4;Все ОК;1482;1375;79;21;4;10;https://www.ozon.ru/product/lampochka-rekord-dlya-doma-dlya-gostinoy-komnaty-teplyy-belyy-svet-e14-7-vt-svetodiodnaya-5-sht-244647575
244611349;name missing;;4;Работа с отзывами;;0;0;0;0;0;
180034068;name missing;;4;Работа с отзывами;;0;0;0;0;0;
205766826;Лампочка Рекорд для дома, для гостиной комнаты, Теплый белый свет, GU10, 4 Вт, Светодиодная, 25 шт.;4.9;4;Все ОК;1482;1375;79;21;4;10;https://www.ozon.ru/product/lampochka-rekord-dlya-doma-dlya-gostinoy-komnaty-teplyy-belyy-svet-gu10-4-vt-svetodiodnaya-25-sht-205766826
205767110;name missing;;4;Работа с отзывами;;0;0;0;0;0;
205780092;name missing;;4;Работа с отзывами;;0;0;0;0;0;
317953909;Лампочка Рекорд для дома, для гостиной комнаты, Теплый белый свет, E14, 7 Вт, Светодиодная, 5 шт.;4.9;4;Все ОК;1482;1375;79;21;4;10;https://www.ozon.ru/product/lampochka-rekord-dlya-doma-dlya-gostinoy-komnaty-teplyy-belyy-svet-e14-7-vt-svetodiodnaya-5-sht-317953909
244612009;Лампочка Рекорд для дома, для гостиной комнаты, Нейтральный белый свет, E14, 7 Вт, Светодиодная, 5 шт.;4.9;4;Все ОК;1482;1375;79;21;4;10;https://www.ozon.ru/product/lampochka-rekord-dlya-doma-dlya-gostinoy-komnaty-neytralnyy-belyy-svet-e14-7-vt-svetodiodnaya-5-sht-244612009
244615725;Лампочка Рекорд для дома, для гостиной комнаты, Теплый белый свет, E27, 7 Вт, Светодиодная, 5 шт.;4.9;4;Все ОК;1482;1375;79;21;4;10;https://www.ozon.ru/product/lampochka-rekord-dlya-doma-dlya-gostinoy-komnaty-teplyy-belyy-svet-e27-7-vt-svetodiodnaya-5-sht-244615725
257722238;Лампочка Рекорд для дома, для гостиной комнаты, Нейтральный белый свет, E27, 7 Вт, Светодиодная, 5 шт.;4.9;4;Все ОК;1482;1375;79;21;4;10;https://www.ozon.ru/product/lampochka-rekord-dlya-doma-dlya-gostinoy-komnaty-neytralnyy-belyy-svet-e27-7-vt-svetodiodnaya-5-sht-257722238
180034065;name missing;;4;Работа с отзывами;;0;0;0;0;0;
389445651;Лампочка Рекорд для дома, для гостиной комнаты, Нейтральный белый свет, E27, 10 Вт, Светодиодная, 5 шт.;4.9;4;Все ОК;1482;1375;79;21;4;10;https://www.ozon.ru/product/lampochka-rekord-dlya-doma-dlya-gostinoy-komnaty-neytralnyy-belyy-svet-e27-10-vt-svetodiodnaya-5-sht-389445651
180062612;Лампочка Рекорд для дома, для гостиной комнаты, Теплый белый свет, E27, 12 Вт, Светодиодная, 10 шт.;4.9;4;Все ОК;1482;1375;79;21;4;10;https://www.ozon.ru/product/lampochka-rekord-dlya-doma-dlya-gostinoy-komnaty-teplyy-belyy-svet-e27-12-vt-svetodiodnaya-10-sht-180062612
440892828;Лампочка Рекорд для дома, для гостиной комнаты, Нейтральный белый свет, E27, 12 Вт, Светодиодная, 5 шт.;4.9;4;Все ОК;1482;1375;79;21;4;10;https://www.ozon.ru/product/lampochka-rekord-dlya-doma-dlya-gostinoy-komnaty-neytralnyy-belyy-svet-e27-12-vt-svetodiodnaya-5-sht-440892828
244615518;Лампочка Рекорд для дома, для гостиной комнаты, Теплый белый свет, E27, 7 Вт, Светодиодная, 5 шт.;4.9;4;Все ОК;1482;1375;79;21;4;10;https://www.ozon.ru/product/lampochka-rekord-dlya-doma-dlya-gostinoy-komnaty-teplyy-belyy-svet-e27-7-vt-svetodiodnaya-5-sht-244615518
244649288;Лампочка Рекорд для дома, для гостиной комнаты, Нейтральный белый свет, E27, 7 Вт, Светодиодная, 5 шт.;4.9;4;Все ОК;1482;1375;79;21;4;10;https://www.ozon.ru/product/lampochka-rekord-dlya-doma-dlya-gostinoy-komnaty-neytralnyy-belyy-svet-e27-7-vt-svetodiodnaya-5-sht-244649288
205765994;name missing;;4;Работа с отзывами;;0;0;0;0;0;
355119428;Лампочка Рекорд для дома, для гостиной комнаты, Теплый белый свет, E27, 14 Вт, Светодиодная, 10 шт.;4.9;4;Все ОК;1482;1375;79;21;4;10;https://www.ozon.ru/product/lampochka-rekord-dlya-doma-dlya-gostinoy-komnaty-teplyy-belyy-svet-e27-14-vt-svetodiodnaya-10-sht-355119428
355120900;Лампочка Рекорд для дома, для гостиной комнаты, Нейтральный белый свет, E27, 14 Вт, Светодиодная, 10 шт.;4.9;4;Все ОК;1482;1375;79;21;4;10;https://www.ozon.ru/product/lampochka-rekord-dlya-doma-dlya-gostinoy-komnaty-neytralnyy-belyy-svet-e27-14-vt-svetodiodnaya-355120900
326578057;Лампочка Фотон для дома, для гостиной комнаты, Теплый белый свет, E27, 10 Вт, Светодиодная, 1 шт.;4.9;4;Все ОК;2241;2091;97;23;16;19;https://www.ozon.ru/product/lampochka-foton-dlya-doma-dlya-gostinoy-komnaty-teplyy-belyy-svet-e27-10-vt-svetodiodnaya-1-sht-326578057
175773516;Лампочка Фотон для дома, для гостиной комнаты, Нейтральный белый свет, GU10, 4.5 Вт, Светодиодная, 5 шт.;4.9;4;Все ОК;2241;2091;97;23;16;19;https://www.ozon.ru/product/lampochka-foton-dlya-doma-dlya-gostinoy-komnaty-neytralnyy-belyy-svet-gu10-4-5-vt-svetodiodnaya-175773516
175773515;Лампочка Фотон для дома, для гостиной комнаты, Теплый белый свет, GU5.3, 4.5 Вт, Светодиодная, 5 шт.;4.9;4;Все ОК;2241;2091;97;23;16;19;https://www.ozon.ru/product/lampochka-foton-dlya-doma-dlya-gostinoy-komnaty-teplyy-belyy-svet-gu5-3-4-5-vt-svetodiodnaya-5-sht-175773515
182547240;"Налобный фонарик ""ФОТОН"", Marvel ""Человек-паук""";4.85;4;Все ОК;38;35;2;0;1;0;https://www.ozon.ru/product/nalobnyy-fonarik-foton-marvel-chelovek-pauk-182547240
316395004;"Настольная светодиодная лампа ""ФОТОН"" TL-17D4-B, черная";4.95;4;Все ОК;19;18;1;0;0;0;https://www.ozon.ru/product/nastolnaya-svetodiodnaya-lampa-foton-tl-17d4-b-chernaya-316395004
316021548;name missing;;4;Работа с отзывами;;0;0;0;0;0;
316875616;"Настольный светильник светодиодный аккумуляторный ""ФОТОН"" CL-05D4A-B, черный";4.9;4;Все ОК;65;58;6;1;0;0;https://www.ozon.ru/product/nastolnyy-svetilnik-svetodiodnyy-akkumulyatornyy-foton-cl-05d4a-b-chernyy-316875616
316962921;name missing;;4;Работа с отзывами;;0;0;0;0;0;
315959194;name missing;;4;Работа с отзывами;;0;0;0;0;0;
315946462;name missing;;4;Работа с отзывами;;0;0;0;0;0;
176862811;"Ночник многоцветный с дистанционным управлением ""ФОТОН"", ""Маша и Медведь"", Милый светлячок";4.85;4;Все ОК;81;75;6;0;1;1;https://www.ozon.ru/product/nochnik-mnogotsvetnyy-s-distantsionnym-upravleniem-foton-masha-i-medved-milyy-svetlyachok-176862811
155135334;"Ночник сенсорный (пушлайт) светодиодный ""ФОТОН"", ""Смешарики. Легенда о Золотом Драконе""";4.95;4;Все ОК;156;150;3;2;1;0;https://www.ozon.ru/product/nochnik-sensornyy-pushlayt-svetodiodnyy-foton-smeshariki-legenda-o-zolotom-drakone-155135334
289391985;Ночник сенсорный светодиодный Marvel. Железный человек;4.95;4;Все ОК;156;150;3;2;1;0;https://www.ozon.ru/product/nochnik-sensornyy-svetodiodnyy-marvel-zheleznyy-chelovek-289391985
291726004;"Ночник-проектор кемпинговый ""В мире животных""";4.8;4;Все ОК;50;42;6;1;1;0;https://www.ozon.ru/product/nochnik-proektor-kempingovyy-v-mire-zhivotnyh-291726004
155146524;"Ночник-проектор кемпинговый ""ФОТОН"", Сафари с динозаврами";4.8;4;Все ОК;50;42;6;1;1;0;https://www.ozon.ru/product/nochnik-proektor-kempingovyy-foton-safari-s-dinozavrami-155146524
154087904;"Ночник-проектор со сменными дисками ""ФОТОН"", Disney, Принцесса";4.65;4;Все ОК;9;7;1;1;0;0;https://www.ozon.ru/product/nochnik-proektor-so-smennymi-diskami-foton-disney-printsessa-154087904
154087903;"Ночник-проектор со сменными дисками ""ФОТОН"", Disney/Pixar, Тачки";4.9;4;Все ОК;9;8;1;0;0;0;https://www.ozon.ru/product/nochnik-proektor-so-smennymi-diskami-foton-disney-pixar-tachki-154087903
154087902;name missing;;4;Работа с отзывами;;0;0;0;0;0;
162301257;"Ночник-проектор со сменными дисками ""ФОТОН"", Ракета";4.95;4;Все ОК;50;47;3;0;0;0;https://www.ozon.ru/product/nochnik-proektor-so-smennymi-diskami-foton-raketa-162301257
158322996;"Клей Контакт Обувной клей ""КОНТАКТ"" 30 мл, 1 шт.";4.6;4;Все ОК;238;189;30;8;4;9;https://www.ozon.ru/product/obuvnoy-kley-kontakt-30-ml-158322996
160542237;"Переходник электрический ""ФОТОН"" АМ 6-1";4.8;4;Все ОК;210;193;8;2;2;5;https://www.ozon.ru/product/perehodnik-elektricheskiy-foton-am-6-1-160542237
289369954;Проектор ручной со сменными дисками ФОТОН, Любимые сказки;4.9;4;Все ОК;12;11;1;0;0;0;https://www.ozon.ru/product/proektor-ruchnoy-so-smennymi-diskami-foton-lyubimye-skazki-289369954
466290342;Прожектор Фотон, FL-10W6K65 6500 К, 100 Вт;;4;Работа с отзывами;;0;0;0;0;0;https://www.ozon.ru/product/prozhektor-foton-fl-10w6k65-6500-k-100-vt-466290342
466391089;Прожектор Фотон, FL-10W6K65 6500 К, 10 Вт;;4;Работа с отзывами;;0;0;0;0;0;https://www.ozon.ru/product/prozhektor-foton-fl-10w6k65-6500-k-10-vt-466391089
466284690;Прожектор Фотон, FL-10W6K65 с датчиком движения 6500 К, 10 Вт;;4;Работа с отзывами;;0;0;0;0;0;https://www.ozon.ru/product/prozhektor-foton-fl-10w6k65-s-datchikom-dvizheniya-6500-k-10-vt-466284690
466280987;Прожектор Фотон, FL-10W6K65 6500 К, 20 Вт;;4;Работа с отзывами;;0;0;0;0;0;https://www.ozon.ru/product/prozhektor-foton-fl-10w6k65-6500-k-20-vt-466280987
466284370;Прожектор Фотон, FL-10W6K65 с датчиком движения 6500 К, 20 Вт;;4;Работа с отзывами;;0;0;0;0;0;https://www.ozon.ru/product/prozhektor-foton-fl-10w6k65-s-datchikom-dvizheniya-6500-k-20-vt-466284370
466285117;Прожектор Фотон, FL-10W6K65 6500 К, 30 Вт;;4;Работа с отзывами;;0;0;0;0;0;https://www.ozon.ru/product/prozhektor-foton-fl-10w6k65-6500-k-30-vt-466285117
466281332;Прожектор Фотон, FL-10W6K65 с датчиком движения 6500 К, 30 Вт;;4;Работа с отзывами;;0;0;0;0;0;https://www.ozon.ru/product/prozhektor-foton-fl-10w6k65-s-datchikom-dvizheniya-6500-k-30-vt-466281332
466349841;Прожектор Фотон, FL-50W6K65 6500 К, 50 Вт;;4;Работа с отзывами;;0;0;0;0;0;https://www.ozon.ru/product/prozhektor-foton-fl-50w6k65-6500-k-50-vt-466349841
466287187;Прожектор Фотон, FL-10W6K65 с датчиком движения 6500 К, 50 Вт;;4;Работа с отзывами;;0;0;0;0;0;https://www.ozon.ru/product/prozhektor-foton-fl-10w6k65-s-datchikom-dvizheniya-6500-k-50-vt-466287187
475511418;Клейкая лента КОНТАКТ Дом Противоскользящая 25 мм 5 м, 1 шт;;4;Работа с отзывами;;0;0;0;0;0;https://www.ozon.ru/product/kleykaya-lenta-kontakt-dom-kleykaya-lenta-kontakt-dom-25-mm-5-m-1-sht-475511418
483863167;Клейкая лента КОНТАКТ Дом Противоскользящая 20 мм 3 м, 1 шт;;4;Работа с отзывами;;0;0;0;0;0;https://www.ozon.ru/product/kleykaya-lenta-kontakt-dom-kleykaya-lenta-kontakt-dom-20-mm-3-m-1-sht-483863167
160529901;"Разветвитель электрический (двойник) ""ФОТОН"" АМ 16-2Е, ГОСТ";4.9;4;Все ОК;522;486;28;5;3;3;https://www.ozon.ru/product/razvetvitel-elektricheskiy-dvoynik-foton-am-16-2e-160529901
155084618;"Разветвитель электрический (двойник) ""ФОТОН"" АМ 6-2, ГОСТ";4.9;4;Все ОК;522;486;28;5;3;3;https://www.ozon.ru/product/razvetvitel-elektricheskiy-dvoynik-foton-am-6-2-155084618
160542553;"Разветвитель электрический (тройник) ""ФОТОН"" АМ 16-3Е, ГОСТ";4.95;4;Все ОК;845;813;27;6;2;2;https://www.ozon.ru/product/razvetvitel-elektricheskiy-troynik-foton-am-16-3e-160542553
160542552;"Разветвитель электрический (тройник) ""ФОТОН"" АМ 6-3, ГОСТ";4.9;4;Все ОК;233;221;11;4;0;1;https://www.ozon.ru/product/razvetvitel-elektricheskiy-troynik-foton-am-6-3-160542552
162490520;"Разветвитель электрический (тройник, Т-обр.) ""ФОТОН"" АМ 16-3ТЕ, ГОСТ";4.85;4;Все ОК;717;659;38;12;7;5;https://www.ozon.ru/product/razvetvitel-elektricheskiy-troynik-t-obr-foton-am-16-3te-162490520
155140868;"Разветвитель электрический (тройник, Т-обр.) ""ФОТОН"" АМ 6-3Т, ГОСТ";4.8;4;Все ОК;339;298;22;10;4;5;https://www.ozon.ru/product/razvetvitel-elektricheskiy-troynik-t-obr-foton-am-6-3t-155140868
160542554;"Разветвитель электрический (четверник) ""ФОТОН"" АМ 16-4Е, ГОСТ";4.95;4;Все ОК;128;123;4;2;0;0;https://www.ozon.ru/product/razvetvitel-elektricheskiy-chetvernik-foton-am-16-4e-160542554
160532059;name missing;;4;Работа с отзывами;;0;0;0;0;0;
370926217;Клейкая лента, Многоразовая клейкая лента КОНТАКТ Дом FLEX TAPE, сверхсильная, самоклеящаяся, водонепроницаемая, супер фикс 100 мм 1,5 м, 1 шт;4.4;4;Все ОК;17;13;1;1;1;1;https://www.ozon.ru/product/kleykaya-lenta-mnogorazovaya-kleykaya-lenta-kontakt-dom-flex-tape-sverhsilnaya-samokleyashchayasya-370926217
162301304;"Светильник для записей ""ФОТОН"", ""Смешарики. Легенда о З.Драконе"", Облако";4.85;4;Все ОК;12;10;2;0;0;0;https://www.ozon.ru/product/svetilnik-dlya-zapisey-foton-smeshariki-legenda-o-z-drakone-oblako-162301304
162301301;name missing;;4;Работа с отзывами;;0;0;0;0;0;
162301290;"Cветильник с пультом ДУ и наклейками ""ФОТОН"", ""Смешарики.Легенда о З.Драконе"", Разноцветная лампа";4.65;4;Все ОК;77;62;9;3;0;3;https://www.ozon.ru/product/cvetilnik-s-pultom-du-i-nakleykami-foton-smeshariki-legenda-o-z-drakone-raznotsvetnaya-lampa-162301290
432375436;Светильник декоративный Фотон украшения для дома и офиса;5.0;4;Все ОК;2;2;0;0;0;0;https://www.ozon.ru/product/svetilnik-dekorativnyy-foton-ukrasheniya-dlya-doma-i-ofisa-432375436
432357411;Светильник декоративный Фотон украшения для дома и офиса;5.0;4;Все ОК;2;2;0;0;0;0;https://www.ozon.ru/product/svetilnik-dekorativnyy-foton-ukrasheniya-dlya-doma-i-ofisa-432357411
432365526;Светильник декоративный Фотон украшения для дома и офиса;5.0;4;Все ОК;2;2;0;0;0;0;https://www.ozon.ru/product/svetilnik-dekorativnyy-foton-ukrasheniya-dlya-doma-i-ofisa-432365526
432364808;Светильник декоративный Фотон украшения для дома и офиса;5.0;4;Все ОК;2;2;0;0;0;0;https://www.ozon.ru/product/svetilnik-dekorativnyy-foton-ukrasheniya-dlya-doma-i-ofisa-432364808
432365529;Светильник декоративный Фотон украшения для дома и офиса;5.0;4;Все ОК;2;2;0;0;0;0;https://www.ozon.ru/product/svetilnik-dekorativnyy-foton-ukrasheniya-dlya-doma-i-ofisa-432365529
432365250;Светильник декоративный Фотон украшения для дома и офиса;5.0;4;Все ОК;2;2;0;0;0;0;https://www.ozon.ru/product/svetilnik-dekorativnyy-foton-ukrasheniya-dlya-doma-i-ofisa-432365250
432443247;Светильник декоративный Фотон новогодние украшения для дома и офиса;;4;Работа с отзывами;;0;0;0;0;0;https://www.ozon.ru/product/svetilnik-dekorativnyy-foton-novogodnie-ukrasheniya-dlya-doma-i-ofisa-432443247
163061457;"Светильник-ночник (пушлайт) светодиодный сетевой ""ФОТОН"" NM-100S";4.45;4;Все ОК;20;16;1;1;0;2;https://www.ozon.ru/product/svetilnik-nochnik-pushlayt-svetodiodnyy-setevoy-foton-nm-100s-163061457
163082581;"Светильник-ночник (пушлайт) светодиодный сетевой ""ФОТОН"" NM-200L";4.5;4;Все ОК;61;45;7;4;3;2;https://www.ozon.ru/product/svetilnik-nochnik-pushlayt-svetodiodnyy-setevoy-foton-nm-200l-163082581
163056209;"Светильник-ночник светодиодный сетевой ""ФОТОН"" NM-100L";4.15;4;Все ОК;28;17;3;6;2;1;https://www.ozon.ru/product/svetilnik-nochnik-svetodiodnyy-setevoy-foton-nm-100l-163056209
163083862;"Светильник-ночник светодиодный сетевой ""ФОТОН"" NM-360L";4.55;4;Все ОК;34;26;3;3;1;1;https://www.ozon.ru/product/svetilnik-nochnik-svetodiodnyy-setevoy-foton-nm-360l-163083862
160411327;Клей строительный Контакт Универсальный (секундный, моментальный) 0.02 кг, 1 шт.;4.9;4;Все ОК;258;245;9;1;0;3;https://www.ozon.ru/product/super-kley-kontakt-universalnyy-20-g-160411327
218268064;Клей строительный Контакт Гель (секундный, моментальный) 0.03 кг, 2 шт.;4.85;4;Все ОК;266;238;17;8;2;1;https://www.ozon.ru/product/kley-stroitelnyy-kontakt-gel-sekundnyy-momentalnyy-0-03-kg-2-sht-218268064
158600877;name missing;;4;Работа с отзывами;;0;0;0;0;0;
218272038;"Супер-клей ""КОНТАКТ"" Для обуви, 3 г., 2 шт.";4.8;4;Все ОК;50;44;4;1;1;0;https://www.ozon.ru/product/super-kley-kontakt-dlya-obuvi-3-g-2-sht-218272038
158604428;Клей Контакт для пластика, 4 г + 2 мл. (секундный, моментальный) 2 мл 4 г, 1 шт.;4.5;4;Все ОК;94;72;9;5;4;4;https://www.ozon.ru/product/super-kley-kontakt-dlya-plastikov-4-g-2-ml-158604428
268876680;"Супер-клей ""КОНТАКТ"" Для стекла, 3 г.";4.75;4;Все ОК;46;41;2;1;0;2;https://www.ozon.ru/product/super-kley-kontakt-dlya-stekla-3-g-268876680
160411328;Клей строительный Контакт Универсальный для точных работ, 1 шт.;4.85;4;Все ОК;71;64;5;2;1;0;https://www.ozon.ru/product/super-kley-kontakt-universalnyy-dlya-tochnyh-rabot-4-g-160411328
159926162;"Супер-клей ""КОНТАКТ"" Универсальный профессиональный, 10 г.";4.75;4;Все ОК;26;23;0;3;0;0;https://www.ozon.ru/product/super-kley-kontakt-universalnyy-professionalnyy-10-g-159926162
218272039;Клей строительный Контакт Супер-клей Универсальный (секундный, моментальный) 3.0000000000000001E-3 кг, 2 шт.;4.85;4;Все ОК;375;346;20;6;4;2;https://www.ozon.ru/product/kley-stroitelnyy-kontakt-super-kley-universalnyy-sekundnyy-momentalnyy-3-0000000000000001e-3-kg-218272039
158324630;Клей Контакт Супер-клей Универсальный (секундный, моментальный) 3 г, 3 шт.;4.85;4;Все ОК;375;346;20;6;4;2;https://www.ozon.ru/product/super-kley-kontakt-universalnyy-3h-1g-158324630
160532060;"Удлинитель сетевой ""ФОТОН"" 10-103, 10м, 3 розетки, белый, ГОСТ";4.9;4;Все ОК;133;123;7;2;0;1;https://www.ozon.ru/product/udlinitel-setevoy-foton-10-103-10m-3-rozetki-belyy-160532060
160532062;"Удлинитель сетевой ""ФОТОН"" 10-103, 10м, 3 розетки, черный, ГОСТ";4.9;4;Все ОК;133;123;7;2;0;1;https://www.ozon.ru/product/foton-22721-udlinitel-setevoy-foton-10-103-10m-3-rozetki-chernyy-160532062
160542589;"Удлинитель сетевой ""ФОТОН"" 10-23, 2м, 3 розетки, белый, ГОСТ";4.65;4;Все ОК;65;55;5;1;0;4;https://www.ozon.ru/product/foton-21110-udlinitel-setevoy-foton-10-23-2m-3-rozetki-belyy-160542589
160532061;"Удлинитель сетевой ""ФОТОН"" 10-23, 2м, 3 розетки, черный, ГОСТ";4.75;4;Все ОК;152;130;11;7;2;2;https://www.ozon.ru/product/udlinitel-setevoy-foton-10-23-2m-3-rozetki-chernyy-160532061
162409146;"Удлинитель сетевой ""ФОТОН"" 10-25S, 2м, 5 розеток, белый, ГОСТ";4.75;4;Все ОК;152;130;11;7;2;2;https://www.ozon.ru/product/foton-21117-udlinitel-setevoy-foton-10-25s-2m-5-rozetok-belyy-162409146
160542232;"Удлинитель сетевой ""ФОТОН"" 10-25S, 2м, 5 розеток, черный, ГОСТ";4.8;4;Все ОК;191;172;14;0;0;5;https://www.ozon.ru/product/foton-22726-udlinitel-setevoy-foton-10-25s-2m-5-rozetok-chernyy-160542232
155146392;"Удлинитель сетевой ""ФОТОН"" 10-33, 3м, 3 розетки, белый, ГОСТ";4.65;4;Все ОК;65;55;5;1;0;4;https://www.ozon.ru/product/udlinitel-setevoy-foton-10-33-3m-3-rozetki-belyy-155146392
155091867;"Удлинитель сетевой ""ФОТОН"" 10-33, 3м, 3 розетки, черный, ГОСТ";4.8;4;Все ОК;191;172;14;0;0;5;https://www.ozon.ru/product/udlinitel-setevoy-foton-10-33-3m-3-rozetki-chernyy-155091867
162409148;"Удлинитель сетевой ""ФОТОН"" 10-35S, 3м, 5 розеток, белый, ГОСТ";4.9;4;Все ОК;72;68;2;3;0;0;https://www.ozon.ru/product/foton-21118-udlinitel-setevoy-foton-10-35s-3m-5-rozetok-belyy-162409148
160542235;"Удлинитель сетевой ""ФОТОН"" 10-35S, 3м, 5 розеток, черный, ГОСТ";4.9;4;Все ОК;72;68;2;3;0;0;https://www.ozon.ru/product/foton-22727-udlinitel-setevoy-foton-10-35s-3m-5-rozetok-chernyy-160542235
160542590;"Удлинитель сетевой ""ФОТОН"" 10-53, 5м, 3 розетки, белый, ГОСТ";4.85;4;Все ОК;55;52;1;0;1;1;https://www.ozon.ru/product/foton-21114-udlinitel-setevoy-foton-10-53-5m-3-rozetki-belyy-160542590
160532063;"Удлинитель сетевой ""ФОТОН"" 10-53, 5м, 3 розетки, черный, ГОСТ";4.85;4;Все ОК;55;52;1;0;1;1;https://www.ozon.ru/product/udlinitel-setevoy-foton-10-53-5m-3-rozetki-chernyy-160532063
160542231;"Удлинитель сетевой ""ФОТОН"" 10-55S, 5м, 5 розеток, черный, ГОСТ";4.9;4;Все ОК;66;63;2;2;0;0;https://www.ozon.ru/product/foton-22728-udlinitel-setevoy-foton-10-55s-5m-5-rozetok-chernyy-160542231
162407663;"Удлинитель сетевой ""ФОТОН"" 10-55S, 5м, 5 розеток, белый, ГОСТ";4.9;4;Все ОК;66;63;2;2;0;0;https://www.ozon.ru/product/foton-21206-udlinitel-setevoy-foton-10-55s-5m-5-rozetok-belyy-162407663
160542588;"Удлинитель сетевой ""ФОТОН"" 16-103Е, 10м, 3 розетки, с заземлением , белый, ГОСТ";4.75;4;Все ОК;66;54;10;1;1;0;https://www.ozon.ru/product/udlinitel-setevoy-foton-16-103e-10m-3-rozetki-s-zazemleniem-belyy-160542588
160542233;"Удлинитель сетевой ""ФОТОН"" 16-103Е, 10м, 3 розетки, с заземлением, черный, ГОСТ";4.75;4;Все ОК;66;54;10;1;1;0;https://www.ozon.ru/product/foton-22725-udlinitel-setevoy-foton-16-103e-10m-3-rozetki-s-zazemleniem-chernyy-160542233
160542591;"Удлинитель сетевой ""ФОТОН"" 16-23Е, 2м, 3 розетки, с заземлением, белый, ГОСТ";4.85;4;Все ОК;493;449;28;3;4;9;https://www.ozon.ru/product/foton-21116-udlinitel-setevoy-foton-16-23e-2m-3-rozetki-s-zazemleniem-belyy-160542591
160542230;"Удлинитель сетевой ""ФОТОН"" 16-23Е, 2м, 3 розетки, с заземлением, черный, ГОСТ";4.85;4;Все ОК;493;449;28;3;4;9;https://www.ozon.ru/product/foton-22722-udlinitel-setevoy-foton-16-23e-2m-3-rozetki-s-zazemleniem-chernyy-160542230
160542236;"Удлинитель сетевой ""ФОТОН"" 16-25ЕS, 2м, 5 розеток, с заземлением , черный, ГОСТ";4.85;4;Все ОК;493;449;28;3;4;9;https://www.ozon.ru/product/foton-22729-udlinitel-setevoy-foton-16-25es-2m-5-rozetok-s-zazemleniem-chernyy-160542236
162408759;"Удлинитель сетевой ""ФОТОН"" 16-25ЕS, 2м, 5 розеток, с заземлением , белый, ГОСТ";4.85;4;Все ОК;493;449;28;3;4;9;https://www.ozon.ru/product/foton-21207-udlinitel-setevoy-foton-16-25es-2m-5-rozetok-s-zazemleniem-belyy-162408759
155082353;"Удлинитель сетевой ""ФОТОН"" 16-33Е, 3м, 3 розетки, с заземлением, белый, ГОСТ";4.9;4;Все ОК;80;76;3;0;1;1;https://www.ozon.ru/product/udlinitel-setevoy-foton-16-33e-3m-3-rozetki-s-zazemleniem-belyy-155082353
155082355;"Удлинитель сетевой ""ФОТОН"" 16-33Е, 3м, 3 розетки, с заземлением, черный, ГОСТ";4.9;4;Все ОК;80;76;3;0;1;1;https://www.ozon.ru/product/udlinitel-setevoy-foton-16-33e-3m-3-rozetki-s-zazemleniem-chernyy-155082355
155079220;"Удлинитель сетевой ""ФОТОН"" 16-35ЕS, 3м, 5 розеток, с заземлением , черный, ГОСТ";4.9;4;Все ОК;72;68;2;1;0;1;https://www.ozon.ru/product/udlinitel-setevoy-foton-16-35es-3m-5-rozetok-s-zazemleniem-chernyy-155079220
171490715;"Удлинитель сетевой ""ФОТОН"" 16-35ЕS, 3м, 5 розеток, с заземлением, белый, ГОСТ";4.9;4;Все ОК;72;68;2;1;0;1;https://www.ozon.ru/product/udlinitel-setevoy-foton-s-zazemleniem-s-vyklyuchatelem-tsvet-belyy-5-rozetok-3-m-16-35es-171490715
160542587;"Удлинитель сетевой ""ФОТОН"" 16-53Е, 5м, 3 розетки, с заземлением, белый, ГОСТ";4.75;4;Все ОК;66;54;9;2;0;1;https://www.ozon.ru/product/foton-11851-udlinitel-setevoy-foton-16-53e-5m-3-rozetki-s-zazemleniem-belyy-160542587
160542234;"Удлинитель сетевой ""ФОТОН"" 16-53Е, 5м, 3 розетки, с заземлением, черный, ГОСТ";4.75;4;Все ОК;66;54;9;2;0;1;https://www.ozon.ru/product/foton-22724-udlinitel-setevoy-foton-16-53e-5m-3-rozetki-s-zazemleniem-chernyy-160542234
162370059;"Удлинитель сетевой ""ФОТОН"" 16-55ЕS, 5м, 5 розеток, с заземлением , белый, ГОСТ";4.75;4;Все ОК;89;79;7;1;2;2;https://www.ozon.ru/product/foton-21209-udlinitel-setevoy-foton-16-55es-5m-5-rozetok-s-zazemleniem-belyy-162370059
160542238;"Удлинитель сетевой ""ФОТОН"" 16-55ЕS, 5м, 5 розеток, с заземлением, черный, ГОСТ";4.75;4;Все ОК;89;79;7;1;2;2;https://www.ozon.ru/product/foton-22731-udlinitel-setevoy-foton-16-55es-5m-5-rozetok-s-zazemleniem-chernyy-160542238
218477788;Монтажная лента КОНТАКТ Дом ТПЛ, армированная 50 мм x 10 м, 1 шт;4.9;4;Все ОК;71;66;4;1;0;0;https://www.ozon.ru/product/montazhnaya-lenta-kontakt-dom-tpl-armirovannaya-50-mm-x-10-m-1-sht-218477788
218267902;Монтажная лента КОНТАКТ Дом ТПЛ, армированная 50 мм x 50 м, 1 шт;4.9;4;Все ОК;71;66;4;1;0;0;https://www.ozon.ru/product/montazhnaya-lenta-kontakt-dom-tpl-armirovannaya-50-mm-x-50-m-1-sht-218267902
264803323;Монтажная лента КОНТАКТ Дом ТПЛ, армированная 50 мм x 25 м, 1 шт;4.9;4;Все ОК;71;66;4;1;0;0;https://www.ozon.ru/product/montazhnaya-lenta-kontakt-dom-tpl-armirovannaya-50-mm-x-25-m-1-sht-264803323
264791816;Монтажная лента КОНТАКТ Дом ТПЛ, армированная 50 мм x 3 м, 1 шт;4.9;4;Все ОК;71;66;4;1;0;0;https://www.ozon.ru/product/montazhnaya-lenta-kontakt-dom-tpl-armirovannaya-50-mm-x-3-m-1-sht-264791816
264804856;Монтажная лента КОНТАКТ Дом ТПЛ, армированная 50 мм x 3 м, 1 шт;4.9;4;Все ОК;71;66;4;1;0;0;https://www.ozon.ru/product/montazhnaya-lenta-kontakt-dom-tpl-armirovannaya-50-mm-x-3-m-1-sht-264804856
264792411;Монтажная лента КОНТАКТ Дом ТПЛ, армированная 50 мм x 3 м, 1 шт;4.9;4;Все ОК;71;66;4;1;0;0;https://www.ozon.ru/product/montazhnaya-lenta-kontakt-dom-tpl-armirovannaya-50-mm-x-3-m-1-sht-264792411
179698395;"Упаковка батареек ФОТОН - Х АА / LR6 (""пальчиковые""), 20 шт.";;4;Работа с отзывами;2278;0;0;0;0;0;https://www.ozon.ru/product/upakovka-batareek-foton-h-aa-lr6-palchikovye-20-sht-179698395
179698394;"Упаковка батареек ФОТОН - Х АА / LR6 (""пальчиковые""), 40 шт.";4.9;4;Все ОК;2278;2132;97;14;12;25;https://www.ozon.ru/product/upakovka-batareek-foton-h-aa-lr6-palchikovye-40-sht-179698394
179698393;Упаковка батареек ФОТОН - Х ААА / LR03, 20 шт.;4.9;4;Все ОК;2278;2132;97;14;12;25;https://www.ozon.ru/product/upakovka-batareek-foton-h-aaa-lr03-20-sht-179698393
179698392;Упаковка батареек ФОТОН - Х ААА / LR03, 40 шт.;4.9;4;Все ОК;2278;2132;97;14;12;25;https://www.ozon.ru/product/upakovka-batareek-foton-h-aaa-lr03-40-sht-179698392
164923706;"Упаковка батареек ФОТОН C / LR14, ""Маша и медведь"" + наклейки, 20 шт.";4.9;4;Все ОК;2278;2132;97;14;12;25;https://www.ozon.ru/product/batareyki-foton-c-lr14-2-sht-masha-i-medved-nakleyka-164923706
167023268;name missing;;4;Работа с отзывами;;0;0;0;0;0;
167025911;"Упаковка батареек ФОТОН LR6 / АА, ""Маша и медведь"" + наклейка, 40 шт.";4.9;4;Все ОК;2278;2132;97;14;12;25;https://www.ozon.ru/product/upakovka-batareek-foton-lr6-aa-40-sht-masha-i-medved-nakleyka-167025911
170517978;"Упаковка клейкой ленты ""КОНТАКТ ДОМ"" Без ножниц, Бесшумная 48мм х 50м, 6 шт.";4.85;4;Все ОК;72;66;2;3;0;1;https://www.ozon.ru/product/upakovka-kleykoy-lenty-kontakt-dom-bez-nozhnits-besshumnaya-48mm-h-50m-6-sht-170517978
170705670;"Упаковка клейкой ленты ""КОНТАКТ ДОМ"" Бесшумная, 48мм х 50м , 6 шт.";4.85;4;Все ОК;72;66;2;3;0;1;https://www.ozon.ru/product/upakovka-kleykoy-lenty-kontakt-dom-besshumnaya-48mm-h-50m-6-sht-170705670
170705662;name missing;;4;Работа с отзывами;;0;0;0;0;0;
202779221;name missing;;4;Работа с отзывами;;0;0;0;0;0;
158601542;"Упаковка супер-клея ""КОНТАКТ"" гель, 3 г., 10 шт. (секундный, моментальный)";4.95;4;Все ОК;24;23;1;0;0;0;https://www.ozon.ru/product/upakovka-super-kleya-kontakt-gel-3-g-10-sht-158601542
202913608;name missing;;4;Работа с отзывами;;0;0;0;0;0;
158319318;"Упаковка супер-клея ""КОНТАКТ"" Для обуви, 3 г., 10 шт.";4.8;4;Все ОК;50;44;4;1;1;0;https://www.ozon.ru/product/upakovka-super-kleya-kontakt-dlya-obuvi-3-g-10-sht-158319318
202753294;name missing;;4;Работа с отзывами;;0;0;0;0;0;
158322531;Клей строительный Контакт Упаковка супер-клея Универсальный 0.03 кг, 10 шт.;4.8;4;Все ОК;24;22;1;0;0;1;https://www.ozon.ru/product/upakovka-super-kleya-kontakt-universalnyy-3-g-10-sht-158322531
475524696;Клейкая лента КОНТАКТ Дом Противоскользящая 24 мм 10 м, 1 шт;;4;Работа с отзывами;;0;0;0;0;0;https://www.ozon.ru/product/kleykaya-lenta-kontakt-dom-kleykaya-lenta-kontakt-dom-24-mm-10-m-1-sht-475524696
182677937;"Фонарик светодиодный ""ФОТОН"", Disney ""Холодное сердце""";4.95;4;Все ОК;126;123;5;1;0;0;https://www.ozon.ru/product/fonarik-svetodiodnyy-foton-disney-holodnoe-serdtse-182677937
182677938;"Фонарик светодиодный ""ФОТОН"", Marvel ""Человек-паук""";4.9;4;Все ОК;169;156;12;3;0;0;https://www.ozon.ru/product/fonarik-svetodiodnyy-foton-marvel-chelovek-pauk-182677938
162279611;name missing;;4;Работа с отзывами;;0;0;0;0;0;
162772915;"Фонарик-маячок безопасности со светоотражателем ""ФОТОН"", ""Смешарики. Легенда о З.Драконе"", Крош";4.8;4;Все ОК;87;76;7;2;2;0;https://www.ozon.ru/product/fonarik-mayachok-bezopasnosti-so-svetootrazhatelem-foton-smeshariki-legenda-o-z-drakone-krosh-162772915
162611737;"Фонарик-маячок безопасности со светоотражателем ""ФОТОН"", ""Смешарики. Легенда о З.Драконе"", Нюша";4.8;4;Все ОК;87;76;7;2;2;0;https://www.ozon.ru/product/fonarik-mayachok-bezopasnosti-so-svetootrazhatelem-foton-smeshariki-legenda-o-z-drakone-nyusha-162611737
155764287;"Фонарь автомобильный аккумуляторный светодиодный ""ФОТОН"" AU-500";4.85;4;Все ОК;20;18;1;1;0;0;https://www.ozon.ru/product/fonar-avtomobilnyy-akkumulyatornyy-svetodiodnyy-foton-au-500-155764287
258854186;"Фонарь автомобильный аккумуляторный светодиодный ""ФОТОН"" AU-500, камуфляж";4.85;4;Все ОК;20;18;1;1;0;0;https://www.ozon.ru/product/fonar-avtomobilnyy-akkumulyatornyy-svetodiodnyy-foton-au-500-kamuflyazh-258854186
155191489;name missing;;4;Работа с отзывами;;0;0;0;0;0;
158494982;"Фонарь аккумуляторный светодиодный ""РЕКОРД"" PM-1200";4.85;4;Все ОК;49;45;4;0;1;0;https://www.ozon.ru/product/fonar-akkumulyatornyy-svetodiodnyy-rekord-pm-1200-158494982
158494983;"Фонарь аккумуляторный светодиодный ""РЕКОРД"" PM-450";3.7;4;Нужно еще 28 отзывов на 5*;18;11;1;1;0;5;https://www.ozon.ru/product/fonar-akkumulyatornyy-svetodiodnyy-rekord-pm-450-158494983
165271557;"Фонарь аккумуляторный светодиодный ""РЕКОРД"" РМ-0104";4.5;4;Все ОК;47;32;10;3;1;1;https://www.ozon.ru/product/fonar-akkumulyatornyy-svetodiodnyy-rekord-rm-0104-165271557
258517536;"Фонарь аккумуляторный светодиодный ""РЕКОРД"" РМ-0104, камуфляж";4.5;4;Все ОК;47;32;10;3;1;1;https://www.ozon.ru/product/fonar-akkumulyatornyy-svetodiodnyy-rekord-rm-0104-kamuflyazh-258517536
165212738;"Фонарь аккумуляторный светодиодный ""РЕКОРД"" РМ-0107";4.6;4;Все ОК;48;39;5;1;0;3;https://www.ozon.ru/product/fonar-akkumulyatornyy-svetodiodnyy-rekord-rm-0107-165212738
165212737;"Фонарь аккумуляторный светодиодный ""РЕКОРД"" РМ-0115";4.75;4;Все ОК;20;15;5;0;0;0;https://www.ozon.ru/product/fonar-akkumulyatornyy-svetodiodnyy-rekord-rm-0115-165212737
206018426;"Фонарь аккумуляторный светодиодный ""ФОТОН"" MSА-700";4.6;4;Все ОК;10;6;4;0;0;0;https://www.ozon.ru/product/fonar-akkumulyatornyy-svetodiodnyy-foton-msa-700-206018426
258517024;"Фонарь аккумуляторный светодиодный ""ФОТОН"" MSА-700, камуфляж";4.6;4;Все ОК;10;6;4;0;0;0;https://www.ozon.ru/product/fonar-akkumulyatornyy-svetodiodnyy-foton-msa-700-kamuflyazh-258517024
155091476;"Фонарь аккумуляторный светодиодный ""ФОТОН"" PM-600";4.5;4;Все ОК;27;21;2;2;0;2;https://www.ozon.ru/product/fonar-akkumulyatornyy-svetodiodnyy-foton-pm-600-155091476
258516303;name missing;;4;Работа с отзывами;;0;0;0;0;0;
165212021;"Фонарь аккумуляторный светодиодный ""ФОТОН"" RРМ-2000";4.4;4;Все ОК;21;16;1;2;0;2;https://www.ozon.ru/product/fonar-akkumulyatornyy-svetodiodnyy-foton-rrm-2000-165212021
162742056;"Фонарь аккумуляторный светодиодный ""ФОТОН"" RРМ-2200";4.4;4;Все ОК;21;16;1;2;0;2;https://www.ozon.ru/product/fonar-akkumulyatornyy-svetodiodnyy-foton-rrm-2200-162742056
155084179;"Фонарь аккумуляторный светодиодный ""ФОТОН"" RРМ-5500";4.5;4;Все ОК;27;21;2;2;0;2;https://www.ozon.ru/product/fonar-akkumulyatornyy-svetodiodnyy-foton-rrm-5500-155084179
162747116;"Фонарь аккумуляторный светодиодный ""ФОТОН"" RРМ-6000";4.5;4;Все ОК;27;21;2;2;0;2;https://www.ozon.ru/product/fonar-akkumulyatornyy-svetodiodnyy-foton-rrm-6000-162747116
155079719;"Фонарь аккумуляторный светодиодный ""ФОТОН"" РМ-1500";4.25;4;Все ОК;20;13;4;0;1;2;https://www.ozon.ru/product/fonar-akkumulyatornyy-svetodiodnyy-foton-rm-1500-155079719
165212022;"Фонарь аккумуляторный светодиодный ""ФОТОН"" РМ-5000";4.9;4;Все ОК;9;8;1;0;0;0;https://www.ozon.ru/product/fonar-akkumulyatornyy-svetodiodnyy-foton-rm-5000-165212022
309042813;Фонарь велосипедный аккумуляторный светодиодный задний;4.95;4;Все ОК;24;27;0;1;0;0;https://www.ozon.ru/product/fonar-velosipednyy-akkumulyatornyy-svetodiodnyy-zadniy-309042813
309019028;"Фонарь велосипедный аккумуляторный светодиодный передний ""ФОТОН"" CLA-1140F";5.0;4;Все ОК;7;7;0;0;0;0;https://www.ozon.ru/product/fonar-velosipednyy-akkumulyatornyy-svetodiodnyy-peredniy-foton-cla-1140f-309019028
308941996;"Фонарь велосипедный аккумуляторный светодиодный передний ""ФОТОН"" CLA-940F";5.0;4;Все ОК;6;6;0;0;0;0;https://www.ozon.ru/product/fonar-velosipednyy-akkumulyatornyy-svetodiodnyy-peredniy-foton-cla-940f-308941996
308939065;"Фонарь велосипедный светодиодный передний ""ФОТОН"" CL-820F";5.0;4;Все ОК;6;6;0;0;0;0;https://www.ozon.ru/product/fonar-velosipednyy-svetodiodnyy-peredniy-foton-cl-820f-308939065
322248648;"Фонарь для чтения ""ФОТОН"" BL-200, красный";4.45;4;Все ОК;27;19;3;3;2;0;https://www.ozon.ru/product/fonar-dlya-chteniya-foton-bl-200-krasnyy-322248648
322245426;"Фонарь для чтения ""ФОТОН"" BL-200, мятный";4.45;4;Все ОК;27;19;3;3;2;0;https://www.ozon.ru/product/fonar-dlya-chteniya-foton-bl-200-myatnyy-322245426
322244994;"Фонарь для чтения ""ФОТОН"" BL-200, черный";4.45;4;Все ОК;27;19;3;3;2;0;https://www.ozon.ru/product/fonar-dlya-chteniya-foton-bl-200-chernyy-322244994
206423972;"Фонарь для чтения аккумуляторный светодиодный (Book light) ""ФОТОН"" BLА-500, мятный";4.9;4;Все ОК;57;84;2;1;2;0;https://www.ozon.ru/product/fonar-dlya-chteniya-akkumulyatornyy-svetodiodnyy-book-light-foton-bla-500-myatnyy-206423972
206396880;"Фонарь для чтения аккумуляторный светодиодный (Book light) ""ФОТОН"" BLА-500, черный";4.9;4;Все ОК;57;84;2;1;2;0;https://www.ozon.ru/product/fonar-dlya-chteniya-akkumulyatornyy-svetodiodnyy-book-light-foton-bla-500-chernyy-206396880
162749727;"Фонарь кемпинговый (пушлайт) светодиодный ""ФОТОН"" С-500";4.4;4;Все ОК;10;8;0;0;2;0;https://www.ozon.ru/product/fonar-kempingovyy-pushlayt-svetodiodnyy-foton-s-500-162749727
162784560;"Фонарь кемпинговый аккумуляторный светодиодный ""ФОТОН"" CA-200, зеленый";4.7;4;Все ОК;81;69;6;3;1;2;https://www.ozon.ru/product/fonar-kempingovyy-akkumulyatornyy-svetodiodnyy-foton-ca-200-zelenyy-162784560
162784567;"Фонарь кемпинговый аккумуляторный светодиодный ""ФОТОН"" CA-200, красный";4.7;4;Все ОК;81;69;6;3;1;2;https://www.ozon.ru/product/fonar-kempingovyy-akkumulyatornyy-svetodiodnyy-foton-ca-200-krasnyy-162784567
162784571;"Фонарь кемпинговый аккумуляторный светодиодный ""ФОТОН"" CA-200, синий";4.7;4;Все ОК;81;69;6;3;1;2;https://www.ozon.ru/product/fonar-kempingovyy-akkumulyatornyy-svetodiodnyy-foton-ca-200-siniy-162784571
169899771;"Фонарь кемпинговый аккумуляторный светодиодный ""ФОТОН"" СA-600";4.9;4;Все ОК;343;323;15;3;2;2;https://www.ozon.ru/product/fonar-kempingovyy-akkumulyatornyy-svetodiodnyy-foton-sa-600-169899771
164543062;name missing;;4;Работа с отзывами;;0;0;0;0;0;
164543063;"Фонарь кемпинговый светодиодный ""ФОТОН"" С-150 , оранжевый";4.85;4;Все ОК;111;99;8;2;1;1;https://www.ozon.ru/product/fonar-kempingovyy-svetodiodnyy-foton-s-150-oranzhevyy-164543063
164543064;"Фонарь кемпинговый светодиодный ""ФОТОН"" С-150 , черный";4.85;4;Все ОК;111;99;8;2;1;1;https://www.ozon.ru/product/fonar-kempingovyy-svetodiodnyy-foton-s-150-chernyy-164543064
155764641;"Фонарь кемпинговый светодиодный ""ФОТОН"" С-250";4.8;4;Все ОК;113;98;9;4;1;1;https://www.ozon.ru/product/fonar-kempingovyy-svetodiodnyy-foton-s-250-155764641
165168898;name missing;;4;Работа с отзывами;;0;0;0;0;0;
165168902;name missing;;4;Работа с отзывами;;0;0;0;0;0;
165168906;name missing;;4;Работа с отзывами;;0;0;0;0;0;
165168907;name missing;;4;Работа с отзывами;;0;0;0;0;0;
165168904;name missing;;4;Работа с отзывами;;0;0;0;0;0;
155764640;"Фонарь кемпинговый светодиодный ""ФОТОН"" С-450";4.7;4;Все ОК;41;35;2;3;0;1;https://www.ozon.ru/product/fonar-kempingovyy-svetodiodnyy-foton-s-450-155764640
258518649;"Фонарь кемпинговый светодиодный ""ФОТОН"" С-450, камуфляж";4.7;4;Все ОК;41;35;2;3;0;1;https://www.ozon.ru/product/fonar-kempingovyy-svetodiodnyy-foton-s-450-kamuflyazh-258518649
155764642;"Фонарь кемпинговый светодиодный 2 в 1 ""ФОТОН"" С-350";4.7;4;Все ОК;17;12;5;0;0;0;https://www.ozon.ru/product/foton-23082-fonar-kempingovyy-svetodiodnyy-2-v-1-foton-s-350-155764642
157559966;"Фонарь налобный ""РЕКОРД"" SH-350";4.7;4;Все ОК;64;54;6;1;2;1;https://www.ozon.ru/product/fonar-nalobnyy-rekord-sh-350-157559966
258518513;"Фонарь налобный ""РЕКОРД"" SH-350, камуфляж";4.7;4;Все ОК;64;54;6;1;2;1;https://www.ozon.ru/product/fonar-nalobnyy-rekord-sh-350-kamuflyazh-258518513
196068810;"Фонарь налобный аккумуляторный светодиодный ""РЕКОРД"" SА-550";4.7;4;Все ОК;16;14;1;0;0;1;https://www.ozon.ru/product/fonar-nalobnyy-akkumulyatornyy-svetodiodnyy-rekord-sa-550-196068810
258518042;"Фонарь налобный аккумуляторный светодиодный ""РЕКОРД"" SА-550, камуфляж";4.7;4;Все ОК;16;14;1;0;0;1;https://www.ozon.ru/product/fonar-nalobnyy-akkumulyatornyy-svetodiodnyy-rekord-sa-550-kamuflyazh-258518042
169186265;"Фонарь налобный аккумуляторный светодиодный ""ФОТОН"" RSA-800";4.65;4;Все ОК;16;13;1;1;1;0;https://www.ozon.ru/product/fonar-nalobnyy-akkumulyatornyy-svetodiodnyy-foton-rsa-800-169186265
170263405;"Фонарь налобный аккумуляторный светодиодный ""ФОТОН"" SA-1600, белый";4.65;4;Все ОК;41;33;4;3;0;1;https://www.ozon.ru/product/fonar-nalobnyy-akkumulyatornyy-svetodiodnyy-foton-sa-1600-belyy-170263405
170263424;"Фонарь налобный аккумуляторный светодиодный ""ФОТОН"" SA-1600, черный";4.65;4;Все ОК;41;33;4;3;0;1;https://www.ozon.ru/product/fonar-nalobnyy-akkumulyatornyy-svetodiodnyy-foton-sa-1600-chernyy-170263424
157560721;"Фонарь налобный аккумуляторный светодиодный ""ФОТОН"" SА-900";4.55;4;Все ОК;27;19;4;4;0;0;https://www.ozon.ru/product/fonar-nalobnyy-akkumulyatornyy-svetodiodnyy-foton-sa-900-157560721
169186274;"Фонарь налобный светодиодный ""РЕКОРД"" SH-450";4.85;4;Все ОК;119;108;7;5;0;0;https://www.ozon.ru/product/fonar-nalobnyy-svetodiodnyy-rekord-sh-450-169186274
258518544;"Фонарь налобный светодиодный ""РЕКОРД"" SH-450, камуфляж";4.85;4;Все ОК;119;108;7;5;0;0;https://www.ozon.ru/product/fonar-nalobnyy-svetodiodnyy-rekord-sh-450-kamuflyazh-258518544
169186264;"Фонарь налобный светодиодный ""ФОТОН"" RSH-700";4.65;4;Все ОК;28;20;6;2;0;0;https://www.ozon.ru/product/fonar-nalobnyy-svetodiodnyy-foton-rsh-700-169186264
165168897;"Фонарь налобный светодиодный ""ФОТОН"" SH-400";4.55;4;Все ОК;23;17;3;2;1;0;https://www.ozon.ru/product/fonar-nalobnyy-svetodiodnyy-foton-sh-400-165168897
162613557;"Фонарь налобный светодиодный ""ФОТОН"" SH-500, белый";4.7;4;Все ОК;54;47;4;0;1;2;https://www.ozon.ru/product/fonar-nalobnyy-svetodiodnyy-foton-sh-500-belyy-162613557
162613556;"Фонарь налобный светодиодный ""ФОТОН"" SH-500, черный";4.7;4;Все ОК;54;47;4;0;1;2;https://www.ozon.ru/product/fonar-nalobnyy-svetodiodnyy-foton-sh-500-chernyy-162613556
161300098;"Фонарь налобный светодиодный ""ФОТОН"" SH-600";4.85;4;Все ОК;18;16;1;1;0;0;https://www.ozon.ru/product/fonar-nalobnyy-svetodiodnyy-foton-sh-600-161300098
155083748;"Фонарь налобный светодиодный ""ФОТОН"" SH-900, черный";4.75;4;Все ОК;20;18;1;0;0;1;https://www.ozon.ru/product/fonar-nalobnyy-svetodiodnyy-foton-sh-900-chernyy-155083748
162749722;"Фонарь рабочий аккумуляторный светодиодный ""ФОТОН"" WLA-300";4.65;4;Все ОК;51;42;6;1;1;2;https://www.ozon.ru/product/fonar-rabochiy-akkumulyatornyy-svetodiodnyy-foton-wla-300-162749722
196141381;"Фонарь рабочий аккумуляторный светодиодный ""ФОТОН"" WLА-400";4.8;4;Все ОК;47;41;4;1;0;1;https://www.ozon.ru/product/fonar-rabochiy-akkumulyatornyy-svetodiodnyy-foton-wla-400-196141381
155079015;"Фонарь резиновый ""РЕКОРД"" ММ-0203";4.65;4;Все ОК;47;37;5;3;2;0;https://www.ozon.ru/product/fonar-rezinovyy-rekord-mm-0203-155079015
155079016;"Фонарь резиновый ""РЕКОРД"" ММ-0207";4.55;4;Все ОК;11;7;3;1;0;0;https://www.ozon.ru/product/fonar-rezinovyy-rekord-mm-0207-155079016
155764311;"Фонарь светодиодный ""РЕКОРД"" MR-270, желтый";4.75;4;Все ОК;110;94;9;4;0;3;https://www.ozon.ru/product/fonar-svetodiodnyy-rekord-mr-270-zheltyy-155764311
233505206;"Фонарь светодиодный ""РЕКОРД"" MR-270, красный";4.75;4;Все ОК;54;47;3;2;1;1;https://www.ozon.ru/product/fonar-svetodiodnyy-rekord-mr-270-krasnyy-233505206
155764312;"Фонарь светодиодный ""РЕКОРД"" MR-270, синий";4.75;4;Все ОК;110;94;9;4;0;3;https://www.ozon.ru/product/fonar-svetodiodnyy-rekord-mr-270-siniy-155764312
258516396;"Фонарь светодиодный ""РЕКОРД"" MS-300, камуфляж";4.75;4;Все ОК;242;211;21;4;3;6;https://www.ozon.ru/product/fonar-svetodiodnyy-rekord-ms-300-kamuflyazh-258516396
155184671;"Фонарь светодиодный ""ФОТОН"" MR-1800";4.8;4;Все ОК;20;18;1;0;1;0;https://www.ozon.ru/product/fonar-svetodiodnyy-foton-mr-1800-155184671
258518587;name missing;;4;Работа с отзывами;;0;0;0;0;0;
155196372;"Фонарь светодиодный ""ФОТОН"" MR-4500";4.65;4;Все ОК;15;13;1;0;0;1;https://www.ozon.ru/product/fonar-svetodiodnyy-foton-mr-4500-155196372
164540120;name missing;;4;Работа с отзывами;;0;0;0;0;0;
164540122;name missing;;4;Работа с отзывами;;0;0;0;0;0;
164540121;name missing;;4;Работа с отзывами;;0;0;0;0;0;
164540124;"Фонарь-брелок светодиодный ""ФОТОН"" K-120 , синий";4.75;4;Все ОК;28;25;1;1;0;1;https://www.ozon.ru/product/fonar-brelok-svetodiodnyy-foton-k-120-siniy-164540124
164540125;"Фонарь-брелок светодиодный ""ФОТОН"" K-120 , черный";4.75;4;Все ОК;28;25;1;1;0;1;https://www.ozon.ru/product/fonar-brelok-svetodiodnyy-foton-k-120-chernyy-164540125
164540123;"Фонарь-брелок светодиодный ""ФОТОН"" K-120, красный";4.75;4;Все ОК;28;25;1;1;0;1;https://www.ozon.ru/product/fonar-brelok-svetodiodnyy-foton-k-120-krasnyy-164540123
165168895;"Фонарь-брелок светодиодный ""ФОТОН"" K-140, черный";4.85;4;Все ОК;65;60;1;3;1;0;https://www.ozon.ru/product/fonar-brelok-svetodiodnyy-foton-k-140-chernyy-165168895
309008694;Прожектор Рекорд, PB-2600;5.0;4;Все ОК;10;10;0;0;0;0;https://www.ozon.ru/product/prozhektor-rekord-pb-2600-309008694
158494986;"Фонарь-прожектор аккумуляторный светодиодный ""РЕКОРД"" PВ-3200";4.55;4;Все ОК;37;31;2;1;0;3;https://www.ozon.ru/product/fonar-prozhektor-akkumulyatornyy-svetodiodnyy-rekord-pv-3200-158494986
370869274;"Фонарь-прожектор аккумуляторный светодиодный ""ФОТОН"" PB-8000";;4;Работа с отзывами;;0;0;0;0;0;https://www.ozon.ru/product/fonar-prozhektor-akkumulyatornyy-svetodiodnyy-foton-pb-8000-370869274
165212736;"Фонарь-прожектор аккумуляторный светодиодный ""ФОТОН"" РB-5200";4.9;4;Все ОК;26;24;1;1;0;0;https://www.ozon.ru/product/fonar-prozhektor-akkumulyatornyy-svetodiodnyy-foton-rb-5200-165212736
165212740;"Фонарь-прожектор аккумуляторный светодиодный ""ФОТОН"" РB-7500";4.9;4;Все ОК;26;24;1;1;0;0;https://www.ozon.ru/product/fonar-prozhektor-akkumulyatornyy-svetodiodnyy-foton-rb-7500-165212740
165212739;"Фонарь-прожектор аккумуляторный светодиодный ""ФОТОН"" РB-9500";4.9;4;Все ОК;26;24;1;1;0;0;https://www.ozon.ru/product/fonar-prozhektor-akkumulyatornyy-svetodiodnyy-foton-rb-9500-165212739
233386744;"Фонарь-прожектор рабочий аккумуляторный светодиодный ""ФОТОН"" WPВ-4600";4.9;4;Все ОК;54;53;1;2;0;0;https://www.ozon.ru/product/fonar-prozhektor-rabochiy-akkumulyatornyy-svetodiodnyy-foton-wpv-4600-233386744
233400482;"Фонарь-прожектор рабочий аккумуляторный светодиодный ""ФОТОН"" WPВ-6200";4.9;4;Все ОК;54;53;1;2;0;0;https://www.ozon.ru/product/fonar-prozhektor-rabochiy-akkumulyatornyy-svetodiodnyy-foton-wpv-6200-233400482
233386779;"Фонарь-прожектор рабочий аккумуляторный светодиодный ""ФОТОН"" WPВ-7800";4.9;4;Все ОК;54;53;1;2;0;0;https://www.ozon.ru/product/fonar-prozhektor-rabochiy-akkumulyatornyy-svetodiodnyy-foton-wpv-7800-233386779
309008598;"Фонарь-прожектор аккумуляторный светодиодный ""ФОТОН"" PB-6000";5.0;4;Все ОК;5;5;0;0;0;0;https://www.ozon.ru/product/prozhektor-foton-fonar-prozhektor-akkumulyatornyy-svetodiodnyy-foton-pb-6000-309008598
163045541;Накладной светильник, Настенный светильник Фотон пушлайт светодиодный NB-300А, 1.2W, 0.5 Вт;4.4;4;Все ОК;24;17;3;2;0;2;https://www.ozon.ru/product/fonar-svetilnik-pushlayt-svetodiodnyy-foton-nb-300a-163045541
163046847;Настенный светильник Фотон пушлайт светодиодный WB-200, 0.5 Вт;4.7;4;Все ОК;25;21;3;0;0;1;https://www.ozon.ru/product/fonar-svetilnik-pushlayt-svetodiodnyy-foton-wb-200-163046847
163052794;"Фонарь-светильник (пушлайт) светодиодный ""ФОТОН"" WB-360";4.85;4;Все ОК;12;10;2;0;0;0;https://www.ozon.ru/product/fonar-svetilnik-pushlayt-svetodiodnyy-foton-wb-360-163052794
155764286;Накладной светильник Фотон WL-175;4.1;4;Все ОК;18;11;1;4;1;1;https://www.ozon.ru/product/fonar-svetilnik-pushlayt-svetodiodnyy-foton-wl-175-155764286
196068811;"Фонарь-светильник аккумуляторный светодиодный ""ФОТОН"" NLА-500";4.6;4;Все ОК;19;13;4;2;0;0;https://www.ozon.ru/product/fonar-svetilnik-akkumulyatornyy-svetodiodnyy-foton-nla-500-196068811
163046122;Настенный светильник Фотон для дома, гостиной, 1.2W, 3 Вт;4.8;4;Все ОК;22;19;2;1;0;0;https://www.ozon.ru/product/fonar-svetilnik-svetodiodnyy-foton-wb-150-163046122
159787874;Наручные часы Фотон;4.8;4;Все ОК;218;190;17;7;3;2;https://www.ozon.ru/product/elektronnye-naruchnye-chasy-foton-smeshariki-legenda-o-zolotom-drakone-krosh-159787874
159787876;Наручные часы Фотон;4.8;4;Все ОК;218;190;17;7;3;2;https://www.ozon.ru/product/elektronnye-naruchnye-chasy-foton-smeshariki-legenda-o-zolotom-drakone-nyusha-159787876
157970232;Клей строительный Контакт прозрачный 36 мл, 2 шт.;4.8;4;Все ОК;718;639;44;12;7;18;https://www.ozon.ru/product/epoksidnyy-kley-kontakt-prozrachnyy-2h18-ml-157970232
158285371;Клей строительный Контакт прозрачный 12 мл, 1 шт.;4.8;4;Все ОК;718;639;44;12;7;18;https://www.ozon.ru/product/epoksidnyy-kley-kontakt-prozrachnyy-12-ml-158285371
170398530;"Эпоксидный клей ""КОНТАКТ"", прозрачный, 4 мл.";4.8;4;Все ОК;718;639;44;12;7;18;https://www.ozon.ru/product/epoksidnyy-kley-kontakt-prozrachnyy-4-ml-170398530
158285895;"Эпоксидный клей ""КОНТАКТ"", прозрачный, 6 мл.,";4.8;4;Все ОК;718;639;44;12;7;18;https://www.ozon.ru/product/epoksidnyy-kley-kontakt-prozrachnyy-6-ml-158285895
158325852;Клей Контакт холодная сварка, 50 гр. 50 г, 1 шт.;4.75;4;Все ОК;76;67;5;3;1;1;https://www.ozon.ru/product/epoksidnyy-kley-plastilin-kontakt-holodnaya-svarka-50-gr-158325852
496163364;"Разветвитель электрический (четверник, куб) ""ФОТОН"" АМ 16-4, 16А, ГОСТ";;4;Работа с отзывами;;0;0;0;0;0;https://www.ozon.ru/product/razvetvitel-elektricheskiy-chetvernik-kub-foton-am-16-4-16a-gost-496163364
495865070;"Супер-клей ""КОНТАКТ"" Универсальный с кисточкой, 5 г.";4.75;4;Все ОК;46;41;2;1;0;2;https://www.ozon.ru/product/super-kley-kontakt-universalnyy-s-kistochkoy-5-g-495865070
495866755;"Клей ""КОНТАКТ"" Для ткани, водостойкий, 30 мл.";;4;Работа с отзывами;;0;0;0;0;0;https://www.ozon.ru/product/kley-kontakt-dlya-tkani-vodostoykiy-30-ml-495866755
498394959;Батарейка ФОТОН CR2032 BP3 + кейс;4.9;4;Все ОК;2278;2132;97;14;12;25;https://www.ozon.ru/product/batareyka-foton-cr2032-bp3-keys-498394959
